row_id,num_sold
26298,229.0
26299,405.0
26300,117.0
26301,400.0
26302,706.0
26303,204.0
26304,377.0
26305,665.0
26306,193.0
26307,658.0
26308,1160.0
26309,336.0
26310,266.0
26311,469.0
26312,136.0
26313,464.0
26314,819.0
26315,237.0
26316,230.0
26317,405.0
26318,117.0
26319,400.0
26320,706.0
26321,204.0
26322,377.0
26323,666.0
26324,193.0
26325,658.0
26326,1161.0
26327,336.0
26328,266.0
26329,470.0
26330,136.0
26331,464.0
26332,819.0
26333,237.0
26334,230.0
26335,405.0
26336,117.0
26337,400.0
26338,706.0
26339,204.0
26340,377.0
26341,666.0
26342,193.0
26343,658.0
26344,1161.0
26345,336.0
26346,266.0
26347,470.0
26348,136.0
26349,464.0
26350,819.0
26351,237.0
26352,242.0
26353,427.0
26354,123.0
26355,422.0
26356,744.0
26357,215.0
26358,398.0
26359,702.0
26360,203.0
26361,694.0
26362,1224.0
26363,354.0
26364,281.0
26365,495.0
26366,143.0
26367,489.0
26368,863.0
26369,250.0
26370,287.0
26371,506.0
26372,146.0
26373,500.0
26374,882.0
26375,255.0
26376,471.0
26377,831.0
26378,241.0
26379,822.0
26380,1450.0
26381,419.0
26382,332.0
26383,587.0
26384,170.0
26385,580.0
26386,1023.0
26387,296.0
26388,286.0
26389,505.0
26390,146.0
26391,499.0
26392,880.0
26393,255.0
26394,471.0
26395,830.0
26396,240.0
26397,821.0
26398,1447.0
26399,419.0
26400,332.0
26401,586.0
26402,169.0
26403,579.0
26404,1021.0
26405,295.0
26406,228.0
26407,403.0
26408,117.0
26409,398.0
26410,702.0
26411,203.0
26412,375.0
26413,662.0
26414,192.0
26415,654.0
26416,1155.0
26417,334.0
26418,265.0
26419,467.0
26420,135.0
26421,462.0
26422,814.0
26423,236.0
26424,228.0
26425,402.0
26426,116.0
26427,397.0
26428,700.0
26429,203.0
26430,374.0
26431,660.0
26432,191.0
26433,653.0
26434,1151.0
26435,333.0
26436,264.0
26437,466.0
26438,135.0
26439,460.0
26440,812.0
26441,235.0
26442,227.0
26443,400.0
26444,116.0
26445,396.0
26446,698.0
26447,202.0
26448,373.0
26449,658.0
26450,190.0
26451,651.0
26452,1148.0
26453,332.0
26454,263.0
26455,464.0
26456,134.0
26457,459.0
26458,810.0
26459,234.0
26460,226.0
26461,399.0
26462,115.0
26463,394.0
26464,695.0
26465,201.0
26466,372.0
26467,656.0
26468,190.0
26469,648.0
26470,1143.0
26471,331.0
26472,262.0
26473,462.0
26474,134.0
26475,457.0
26476,806.0
26477,233.0
26478,237.0
26479,419.0
26480,121.0
26481,414.0
26482,730.0
26483,211.0
26484,390.0
26485,688.0
26486,199.0
26487,680.0
26488,1200.0
26489,347.0
26490,275.0
26491,486.0
26492,140.0
26493,480.0
26494,847.0
26495,245.0
26496,280.0
26497,494.0
26498,143.0
26499,489.0
26500,862.0
26501,249.0
26502,461.0
26503,813.0
26504,235.0
26505,803.0
26506,1417.0
26507,410.0
26508,325.0
26509,573.0
26510,166.0
26511,567.0
26512,1000.0
26513,289.0
26514,279.0
26515,492.0
26516,142.0
26517,486.0
26518,858.0
26519,248.0
26520,458.0
26521,809.0
26522,234.0
26523,799.0
26524,1410.0
26525,408.0
26526,323.0
26527,570.0
26528,165.0
26529,564.0
26530,995.0
26531,288.0
26532,222.0
26533,391.0
26534,113.0
26535,386.0
26536,682.0
26537,197.0
26538,364.0
26539,643.0
26540,186.0
26541,635.0
26542,1121.0
26543,324.0
26544,257.0
26545,453.0
26546,131.0
26547,448.0
26548,791.0
26549,229.0
26550,220.0
26551,389.0
26552,112.0
26553,384.0
26554,678.0
26555,196.0
26556,362.0
26557,639.0
26558,185.0
26559,632.0
26560,1114.0
26561,322.0
26562,256.0
26563,451.0
26564,130.0
26565,446.0
26566,786.0
26567,227.0
26568,219.0
26569,386.0
26570,112.0
26571,382.0
26572,674.0
26573,195.0
26574,360.0
26575,635.0
26576,184.0
26577,628.0
26578,1107.0
26579,320.0
26580,254.0
26581,448.0
26582,130.0
26583,443.0
26584,781.0
26585,226.0
26586,218.0
26587,384.0
26588,111.0
26589,379.0
26590,669.0
26591,194.0
26592,358.0
26593,631.0
26594,182.0
26595,624.0
26596,1100.0
26597,318.0
26598,252.0
26599,445.0
26600,129.0
26601,440.0
26602,776.0
26603,224.0
26604,228.0
26605,402.0
26606,116.0
26607,397.0
26608,701.0
26609,203.0
26610,374.0
26611,661.0
26612,191.0
26613,653.0
26614,1152.0
26615,333.0
26616,264.0
26617,466.0
26618,135.0
26619,461.0
26620,813.0
26621,235.0
26622,268.0
26623,473.0
26624,137.0
26625,468.0
26626,825.0
26627,239.0
26628,441.0
26629,778.0
26630,225.0
26631,769.0
26632,1357.0
26633,393.0
26634,311.0
26635,549.0
26636,159.0
26637,543.0
26638,957.0
26639,277.0
26640,266.0
26641,470.0
26642,136.0
26643,464.0
26644,819.0
26645,237.0
26646,438.0
26647,772.0
26648,223.0
26649,764.0
26650,1347.0
26651,390.0
26652,309.0
26653,545.0
26654,158.0
26655,539.0
26656,950.0
26657,275.0
26658,211.0
26659,373.0
26660,108.0
26661,369.0
26662,650.0
26663,188.0
26664,347.0
26665,613.0
26666,177.0
26667,606.0
26668,1069.0
26669,309.0
26670,245.0
26671,432.0
26672,125.0
26673,427.0
26674,754.0
26675,218.0
26676,210.0
26677,370.0
26678,107.0
26679,366.0
26680,645.0
26681,187.0
26682,345.0
26683,608.0
26684,176.0
26685,601.0
26686,1061.0
26687,307.0
26688,243.0
26689,429.0
26690,124.0
26691,424.0
26692,748.0
26693,216.0
26694,208.0
26695,367.0
26696,106.0
26697,363.0
26698,640.0
26699,185.0
26700,342.0
26701,604.0
26702,175.0
26703,597.0
26704,1053.0
26705,305.0
26706,241.0
26707,426.0
26708,123.0
26709,421.0
26710,743.0
26711,215.0
26712,207.0
26713,364.0
26714,105.0
26715,360.0
26716,635.0
26717,184.0
26718,340.0
26719,599.0
26720,173.0
26721,592.0
26722,1045.0
26723,302.0
26724,240.0
26725,423.0
26726,122.0
26727,418.0
26728,737.0
26729,213.0
26730,216.0
26731,381.0
26732,110.0
26733,377.0
26734,665.0
26735,192.0
26736,355.0
26737,627.0
26738,181.0
26739,620.0
26740,1093.0
26741,316.0
26742,251.0
26743,442.0
26744,128.0
26745,437.0
26746,771.0
26747,223.0
26748,254.0
26749,449.0
26750,130.0
26751,444.0
26752,783.0
26753,226.0
26754,418.0
26755,738.0
26756,213.0
26757,729.0
26758,1287.0
26759,372.0
26760,295.0
26761,520.0
26762,151.0
26763,514.0
26764,908.0
26765,263.0
26766,252.0
26767,445.0
26768,129.0
26769,440.0
26770,777.0
26771,225.0
26772,415.0
26773,732.0
26774,212.0
26775,724.0
26776,1277.0
26777,369.0
26778,293.0
26779,517.0
26780,149.0
26781,511.0
26782,901.0
26783,261.0
26784,200.0
26785,353.0
26786,102.0
26787,349.0
26788,616.0
26789,178.0
26790,329.0
26791,581.0
26792,168.0
26793,574.0
26794,1013.0
26795,293.0
26796,232.0
26797,410.0
26798,119.0
26799,405.0
26800,715.0
26801,207.0
26802,199.0
26803,351.0
26804,101.0
26805,347.0
26806,612.0
26807,177.0
26808,327.0
26809,577.0
26810,167.0
26811,570.0
26812,1006.0
26813,291.0
26814,231.0
26815,407.0
26816,118.0
26817,402.0
26818,709.0
26819,205.0
26820,197.0
26821,348.0
26822,101.0
26823,344.0
26824,607.0
26825,176.0
26826,325.0
26827,573.0
26828,166.0
26829,566.0
26830,998.0
26831,289.0
26832,229.0
26833,404.0
26834,117.0
26835,399.0
26836,704.0
26837,204.0
26838,196.0
26839,346.0
26840,100.0
26841,342.0
26842,603.0
26843,174.0
26844,322.0
26845,569.0
26846,164.0
26847,562.0
26848,991.0
26849,287.0
26850,227.0
26851,401.0
26852,116.0
26853,396.0
26854,699.0
26855,202.0
26856,205.0
26857,362.0
26858,105.0
26859,358.0
26860,632.0
26861,183.0
26862,338.0
26863,596.0
26864,172.0
26865,589.0
26866,1038.0
26867,300.0
26868,238.0
26869,420.0
26870,122.0
26871,415.0
26872,733.0
26873,212.0
26874,242.0
26875,427.0
26876,124.0
26877,422.0
26878,744.0
26879,215.0
26880,398.0
26881,702.0
26882,203.0
26883,694.0
26884,1224.0
26885,354.0
26886,281.0
26887,495.0
26888,143.0
26889,489.0
26890,863.0
26891,250.0
26892,241.0
26893,424.0
26894,123.0
26895,419.0
26896,740.0
26897,214.0
26898,395.0
26899,698.0
26900,202.0
26901,689.0
26902,1216.0
26903,352.0
26904,279.0
26905,492.0
26906,142.0
26907,486.0
26908,858.0
26909,248.0
26910,191.0
26911,337.0
26912,98.0
26913,333.0
26914,588.0
26915,170.0
26916,314.0
26917,554.0
26918,160.0
26919,548.0
26920,967.0
26921,280.0
26922,222.0
26923,391.0
26924,113.0
26925,387.0
26926,682.0
26927,197.0
26928,190.0
26929,335.0
26930,97.0
26931,332.0
26932,585.0
26933,169.0
26934,313.0
26935,551.0
26936,159.0
26937,545.0
26938,961.0
26939,278.0
26940,220.0
26941,389.0
26942,113.0
26943,384.0
26944,678.0
26945,196.0
26946,189.0
26947,334.0
26948,97.0
26949,330.0
26950,582.0
26951,168.0
26952,311.0
26953,549.0
26954,159.0
26955,542.0
26956,956.0
26957,277.0
26958,219.0
26959,387.0
26960,112.0
26961,382.0
26962,675.0
26963,195.0
26964,188.0
26965,332.0
26966,96.0
26967,328.0
26968,579.0
26969,168.0
26970,309.0
26971,546.0
26972,158.0
26973,540.0
26974,952.0
26975,275.0
26976,218.0
26977,385.0
26978,111.0
26979,381.0
26980,672.0
26981,194.0
26982,198.0
26983,349.0
26984,101.0
26985,345.0
26986,608.0
26987,176.0
26988,325.0
26989,573.0
26990,166.0
26991,567.0
26992,1000.0
26993,289.0
26994,229.0
26995,404.0
26996,117.0
26997,400.0
26998,705.0
26999,204.0
27000,234.0
27001,412.0
27002,119.0
27003,407.0
27004,718.0
27005,208.0
27006,384.0
27007,677.0
27008,196.0
27009,669.0
27010,1181.0
27011,342.0
27012,271.0
27013,478.0
27014,138.0
27015,472.0
27016,833.0
27017,241.0
27018,233.0
27019,411.0
27020,119.0
27021,406.0
27022,716.0
27023,207.0
27024,383.0
27025,675.0
27026,195.0
27027,667.0
27028,1177.0
27029,340.0
27030,270.0
27031,476.0
27032,138.0
27033,471.0
27034,830.0
27035,240.0
27036,185.0
27037,327.0
27038,95.0
27039,323.0
27040,571.0
27041,165.0
27042,305.0
27043,538.0
27044,156.0
27045,532.0
27046,938.0
27047,271.0
27048,215.0
27049,379.0
27050,110.0
27051,375.0
27052,662.0
27053,191.0
27054,185.0
27055,326.0
27056,94.0
27057,323.0
27058,569.0
27059,165.0
27060,304.0
27061,537.0
27062,155.0
27063,530.0
27064,936.0
27065,271.0
27066,215.0
27067,378.0
27068,109.0
27069,374.0
27070,660.0
27071,191.0
27072,185.0
27073,326.0
27074,94.0
27075,322.0
27076,568.0
27077,164.0
27078,304.0
27079,535.0
27080,155.0
27081,529.0
27082,934.0
27083,270.0
27084,214.0
27085,378.0
27086,109.0
27087,373.0
27088,659.0
27089,191.0
27090,184.0
27091,325.0
27092,94.0
27093,321.0
27094,567.0
27095,164.0
27096,303.0
27097,535.0
27098,155.0
27099,528.0
27100,932.0
27101,270.0
27102,214.0
27103,377.0
27104,109.0
27105,373.0
27106,657.0
27107,190.0
27108,194.0
27109,342.0
27110,99.0
27111,339.0
27112,597.0
27113,173.0
27114,319.0
27115,563.0
27116,163.0
27117,556.0
27118,982.0
27119,284.0
27120,225.0
27121,397.0
27122,115.0
27123,393.0
27124,693.0
27125,200.0
27126,230.0
27127,406.0
27128,117.0
27129,401.0
27130,708.0
27131,205.0
27132,378.0
27133,667.0
27134,193.0
27135,660.0
27136,1164.0
27137,337.0
27138,267.0
27139,471.0
27140,136.0
27141,465.0
27142,821.0
27143,237.0
27144,230.0
27145,406.0
27146,117.0
27147,401.0
27148,708.0
27149,205.0
27150,378.0
27151,667.0
27152,193.0
27153,659.0
27154,1163.0
27155,337.0
27156,267.0
27157,471.0
27158,136.0
27159,465.0
27160,821.0
27161,237.0
27162,184.0
27163,324.0
27164,94.0
27165,321.0
27166,566.0
27167,164.0
27168,302.0
27169,533.0
27170,154.0
27171,527.0
27172,930.0
27173,269.0
27174,213.0
27175,376.0
27176,109.0
27177,372.0
27178,656.0
27179,190.0
27180,184.0
27181,325.0
27182,94.0
27183,321.0
27184,566.0
27185,164.0
27186,303.0
27187,534.0
27188,154.0
27189,528.0
27190,931.0
27191,269.0
27192,213.0
27193,376.0
27194,109.0
27195,372.0
27196,656.0
27197,190.0
27198,184.0
27199,325.0
27200,94.0
27201,321.0
27202,567.0
27203,164.0
27204,303.0
27205,534.0
27206,155.0
27207,528.0
27208,932.0
27209,269.0
27210,214.0
27211,377.0
27212,109.0
27213,372.0
27214,657.0
27215,190.0
27216,184.0
27217,325.0
27218,94.0
27219,322.0
27220,567.0
27221,164.0
27222,303.0
27223,535.0
27224,155.0
27225,529.0
27226,933.0
27227,270.0
27228,214.0
27229,377.0
27230,109.0
27231,373.0
27232,658.0
27233,190.0
27234,195.0
27235,344.0
27236,99.0
27237,340.0
27238,599.0
27239,173.0
27240,320.0
27241,565.0
27242,163.0
27243,559.0
27244,985.0
27245,285.0
27246,226.0
27247,399.0
27248,115.0
27249,394.0
27250,695.0
27251,201.0
27252,232.0
27253,409.0
27254,118.0
27255,404.0
27256,712.0
27257,206.0
27258,381.0
27259,672.0
27260,194.0
27261,664.0
27262,1171.0
27263,339.0
27264,269.0
27265,474.0
27266,137.0
27267,468.0
27268,826.0
27269,239.0
27270,232.0
27271,410.0
27272,118.0
27273,405.0
27274,714.0
27275,207.0
27276,382.0
27277,673.0
27278,195.0
27279,666.0
27280,1174.0
27281,340.0
27282,269.0
27283,475.0
27284,137.0
27285,469.0
27286,828.0
27287,240.0
27288,186.0
27289,328.0
27290,95.0
27291,325.0
27292,573.0
27293,166.0
27294,306.0
27295,540.0
27296,156.0
27297,534.0
27298,941.0
27299,272.0
27300,216.0
27301,381.0
27302,110.0
27303,376.0
27304,664.0
27305,192.0
27306,187.0
27307,329.0
27308,95.0
27309,326.0
27310,574.0
27311,166.0
27312,307.0
27313,541.0
27314,157.0
27315,535.0
27316,944.0
27317,273.0
27318,216.0
27319,382.0
27320,110.0
27321,378.0
27322,666.0
27323,193.0
27324,187.0
27325,330.0
27326,96.0
27327,327.0
27328,576.0
27329,167.0
27330,308.0
27331,543.0
27332,157.0
27333,537.0
27334,947.0
27335,274.0
27336,217.0
27337,383.0
27338,111.0
27339,379.0
27340,668.0
27341,193.0
27342,188.0
27343,332.0
27344,96.0
27345,328.0
27346,578.0
27347,167.0
27348,309.0
27349,545.0
27350,158.0
27351,539.0
27352,951.0
27353,275.0
27354,218.0
27355,385.0
27356,111.0
27357,380.0
27358,671.0
27359,194.0
27360,199.0
27361,351.0
27362,102.0
27363,347.0
27364,612.0
27365,177.0
27366,327.0
27367,577.0
27368,167.0
27369,570.0
27370,1006.0
27371,291.0
27372,231.0
27373,407.0
27374,118.0
27375,402.0
27376,710.0
27377,205.0
27378,237.0
27379,418.0
27380,121.0
27381,413.0
27382,729.0
27383,211.0
27384,390.0
27385,687.0
27386,199.0
27387,679.0
27388,1198.0
27389,347.0
27390,275.0
27391,485.0
27392,140.0
27393,479.0
27394,845.0
27395,245.0
27396,238.0
27397,420.0
27398,121.0
27399,415.0
27400,732.0
27401,212.0
27402,391.0
27403,690.0
27404,200.0
27405,682.0
27406,1203.0
27407,348.0
27408,276.0
27409,487.0
27410,141.0
27411,481.0
27412,849.0
27413,246.0
27414,191.0
27415,337.0
27416,97.0
27417,333.0
27418,588.0
27419,170.0
27420,314.0
27421,554.0
27422,160.0
27423,548.0
27424,966.0
27425,279.0
27426,221.0
27427,391.0
27428,113.0
27429,386.0
27430,681.0
27431,197.0
27432,192.0
27433,338.0
27434,98.0
27435,334.0
27436,590.0
27437,171.0
27438,315.0
27439,556.0
27440,161.0
27441,550.0
27442,970.0
27443,281.0
27444,222.0
27445,392.0
27446,114.0
27447,388.0
27448,684.0
27449,198.0
27450,193.0
27451,340.0
27452,98.0
27453,336.0
27454,593.0
27455,171.0
27456,317.0
27457,559.0
27458,162.0
27459,552.0
27460,974.0
27461,282.0
27462,223.0
27463,394.0
27464,114.0
27465,390.0
27466,687.0
27467,199.0
27468,194.0
27469,341.0
27470,99.0
27471,337.0
27472,595.0
27473,172.0
27474,318.0
27475,561.0
27476,162.0
27477,555.0
27478,979.0
27479,283.0
27480,224.0
27481,396.0
27482,115.0
27483,391.0
27484,690.0
27485,200.0
27486,205.0
27487,362.0
27488,105.0
27489,357.0
27490,631.0
27491,182.0
27492,337.0
27493,594.0
27494,172.0
27495,588.0
27496,1037.0
27497,300.0
27498,238.0
27499,419.0
27500,121.0
27501,414.0
27502,731.0
27503,212.0
27504,244.0
27505,431.0
27506,125.0
27507,426.0
27508,751.0
27509,217.0
27510,401.0
27511,708.0
27512,205.0
27513,700.0
27514,1235.0
27515,357.0
27516,283.0
27517,500.0
27518,145.0
27519,494.0
27520,871.0
27521,252.0
27522,245.0
27523,433.0
27524,125.0
27525,428.0
27526,754.0
27527,218.0
27528,403.0
27529,711.0
27530,206.0
27531,703.0
27532,1240.0
27533,359.0
27534,284.0
27535,502.0
27536,145.0
27537,496.0
27538,875.0
27539,253.0
27540,197.0
27541,347.0
27542,100.0
27543,343.0
27544,606.0
27545,175.0
27546,324.0
27547,571.0
27548,165.0
27549,565.0
27550,996.0
27551,288.0
27552,228.0
27553,403.0
27554,117.0
27555,398.0
27556,702.0
27557,203.0
27558,198.0
27559,349.0
27560,101.0
27561,345.0
27562,608.0
27563,176.0
27564,325.0
27565,573.0
27566,166.0
27567,567.0
27568,1000.0
27569,289.0
27570,229.0
27571,405.0
27572,117.0
27573,400.0
27574,705.0
27575,204.0
27576,199.0
27577,350.0
27578,101.0
27579,346.0
27580,611.0
27581,177.0
27582,326.0
27583,576.0
27584,167.0
27585,569.0
27586,1004.0
27587,290.0
27588,230.0
27589,406.0
27590,117.0
27591,401.0
27592,708.0
27593,205.0
27594,199.0
27595,352.0
27596,102.0
27597,348.0
27598,613.0
27599,177.0
27600,328.0
27601,578.0
27602,167.0
27603,571.0
27604,1008.0
27605,292.0
27606,231.0
27607,408.0
27608,118.0
27609,403.0
27610,711.0
27611,206.0
27612,211.0
27613,372.0
27614,108.0
27615,368.0
27616,649.0
27617,188.0
27618,347.0
27619,612.0
27620,177.0
27621,605.0
27622,1067.0
27623,309.0
27624,245.0
27625,432.0
27626,125.0
27627,427.0
27628,753.0
27629,218.0
27630,251.0
27631,443.0
27632,128.0
27633,438.0
27634,773.0
27635,223.0
27636,413.0
27637,728.0
27638,211.0
27639,720.0
27640,1270.0
27641,367.0
27642,291.0
27643,514.0
27644,149.0
27645,508.0
27646,896.0
27647,259.0
27648,252.0
27649,445.0
27650,129.0
27651,439.0
27652,775.0
27653,224.0
27654,414.0
27655,731.0
27656,211.0
27657,722.0
27658,1274.0
27659,369.0
27660,292.0
27661,515.0
27662,149.0
27663,510.0
27664,899.0
27665,260.0
27666,202.0
27667,356.0
27668,103.0
27669,352.0
27670,622.0
27671,180.0
27672,332.0
27673,586.0
27674,170.0
27675,579.0
27676,1022.0
27677,296.0
27678,234.0
27679,413.0
27680,120.0
27681,409.0
27682,721.0
27683,209.0
27684,203.0
27685,358.0
27686,103.0
27687,353.0
27688,623.0
27689,180.0
27690,333.0
27691,588.0
27692,170.0
27693,581.0
27694,1025.0
27695,296.0
27696,235.0
27697,415.0
27698,120.0
27699,410.0
27700,723.0
27701,209.0
27702,203.0
27703,358.0
27704,104.0
27705,354.0
27706,625.0
27707,181.0
27708,334.0
27709,589.0
27710,170.0
27711,583.0
27712,1028.0
27713,297.0
27714,236.0
27715,416.0
27716,120.0
27717,411.0
27718,725.0
27719,210.0
27720,204.0
27721,359.0
27722,104.0
27723,355.0
27724,627.0
27725,181.0
27726,335.0
27727,591.0
27728,171.0
27729,584.0
27730,1030.0
27731,298.0
27732,236.0
27733,417.0
27734,121.0
27735,412.0
27736,727.0
27737,210.0
27738,215.0
27739,380.0
27740,110.0
27741,375.0
27742,662.0
27743,192.0
27744,354.0
27745,624.0
27746,181.0
27747,617.0
27748,1088.0
27749,315.0
27750,250.0
27751,440.0
27752,127.0
27753,435.0
27754,768.0
27755,222.0
27756,256.0
27757,451.0
27758,131.0
27759,446.0
27760,787.0
27761,228.0
27762,421.0
27763,742.0
27764,215.0
27765,733.0
27766,1294.0
27767,374.0
27768,297.0
27769,523.0
27770,151.0
27771,517.0
27772,912.0
27773,264.0
27774,256.0
27775,452.0
27776,131.0
27777,447.0
27778,788.0
27779,228.0
27780,421.0
27781,743.0
27782,215.0
27783,734.0
27784,1296.0
27785,375.0
27786,297.0
27787,524.0
27788,152.0
27789,518.0
27790,914.0
27791,264.0
27792,205.0
27793,362.0
27794,105.0
27795,358.0
27796,631.0
27797,182.0
27798,337.0
27799,595.0
27800,172.0
27801,588.0
27802,1037.0
27803,300.0
27804,238.0
27805,420.0
27806,121.0
27807,415.0
27808,732.0
27809,212.0
27810,205.0
27811,362.0
27812,105.0
27813,358.0
27814,631.0
27815,183.0
27816,337.0
27817,595.0
27818,172.0
27819,588.0
27820,1038.0
27821,300.0
27822,238.0
27823,420.0
27824,121.0
27825,415.0
27826,732.0
27827,212.0
27828,205.0
27829,362.0
27830,105.0
27831,358.0
27832,632.0
27833,183.0
27834,338.0
27835,596.0
27836,172.0
27837,589.0
27838,1039.0
27839,301.0
27840,238.0
27841,420.0
27842,122.0
27843,415.0
27844,733.0
27845,212.0
27846,206.0
27847,363.0
27848,105.0
27849,358.0
27850,632.0
27851,183.0
27852,338.0
27853,596.0
27854,172.0
27855,589.0
27856,1039.0
27857,301.0
27858,238.0
27859,420.0
27860,122.0
27861,416.0
27862,733.0
27863,212.0
27864,217.0
27865,382.0
27866,111.0
27867,378.0
27868,667.0
27869,193.0
27870,356.0
27871,629.0
27872,182.0
27873,621.0
27874,1096.0
27875,317.0
27876,251.0
27877,443.0
27878,128.0
27879,438.0
27880,773.0
27881,224.0
27882,257.0
27883,454.0
27884,131.0
27885,448.0
27886,791.0
27887,229.0
27888,423.0
27889,746.0
27890,216.0
27891,737.0
27892,1300.0
27893,376.0
27894,298.0
27895,526.0
27896,152.0
27897,520.0
27898,917.0
27899,265.0
27900,257.0
27901,453.0
27902,131.0
27903,448.0
27904,791.0
27905,229.0
27906,423.0
27907,745.0
27908,216.0
27909,737.0
27910,1300.0
27911,376.0
27912,298.0
27913,526.0
27914,152.0
27915,520.0
27916,917.0
27917,265.0
27918,205.0
27919,362.0
27920,105.0
27921,358.0
27922,632.0
27923,183.0
27924,338.0
27925,596.0
27926,172.0
27927,589.0
27928,1038.0
27929,300.0
27930,238.0
27931,420.0
27932,122.0
27933,415.0
27934,733.0
27935,212.0
27936,205.0
27937,362.0
27938,105.0
27939,358.0
27940,631.0
27941,183.0
27942,337.0
27943,595.0
27944,172.0
27945,588.0
27946,1038.0
27947,300.0
27948,238.0
27949,420.0
27950,121.0
27951,415.0
27952,732.0
27953,212.0
27954,205.0
27955,362.0
27956,105.0
27957,357.0
27958,631.0
27959,182.0
27960,337.0
27961,594.0
27962,172.0
27963,588.0
27964,1037.0
27965,300.0
27966,238.0
27967,419.0
27968,121.0
27969,414.0
27970,731.0
27971,212.0
27972,205.0
27973,361.0
27974,104.0
27975,357.0
27976,630.0
27977,182.0
27978,337.0
27979,594.0
27980,172.0
27981,587.0
27982,1035.0
27983,299.0
27984,237.0
27985,419.0
27986,121.0
27987,414.0
27988,730.0
27989,211.0
27990,216.0
27991,380.0
27992,110.0
27993,376.0
27994,663.0
27995,192.0
27996,354.0
27997,625.0
27998,181.0
27999,618.0
28000,1090.0
28001,315.0
28002,250.0
28003,441.0
28004,128.0
28005,436.0
28006,769.0
28007,222.0
28008,255.0
28009,450.0
28010,130.0
28011,445.0
28012,785.0
28013,227.0
28014,420.0
28015,740.0
28016,214.0
28017,732.0
28018,1291.0
28019,373.0
28020,296.0
28021,522.0
28022,151.0
28023,516.0
28024,911.0
28025,263.0
28026,255.0
28027,450.0
28028,130.0
28029,444.0
28030,784.0
28031,227.0
28032,419.0
28033,739.0
28034,214.0
28035,731.0
28036,1289.0
28037,373.0
28038,296.0
28039,521.0
28040,151.0
28041,515.0
28042,909.0
28043,263.0
28044,203.0
28045,359.0
28046,104.0
28047,355.0
28048,626.0
28049,181.0
28050,334.0
28051,590.0
28052,171.0
28053,583.0
28054,1028.0
28055,297.0
28056,236.0
28057,416.0
28058,120.0
28059,411.0
28060,725.0
28061,210.0
28062,203.0
28063,358.0
28064,104.0
28065,354.0
28066,624.0
28067,181.0
28068,334.0
28069,589.0
28070,170.0
28071,582.0
28072,1026.0
28073,297.0
28074,235.0
28075,415.0
28076,120.0
28077,410.0
28078,724.0
28079,209.0
28080,203.0
28081,357.0
28082,103.0
28083,353.0
28084,623.0
28085,180.0
28086,333.0
28087,587.0
28088,170.0
28089,581.0
28090,1024.0
28091,296.0
28092,235.0
28093,414.0
28094,120.0
28095,409.0
28096,722.0
28097,209.0
28098,202.0
28099,356.0
28100,103.0
28101,352.0
28102,622.0
28103,180.0
28104,332.0
28105,586.0
28106,170.0
28107,579.0
28108,1022.0
28109,296.0
28110,234.0
28111,413.0
28112,120.0
28113,409.0
28114,721.0
28115,209.0
28116,213.0
28117,375.0
28118,108.0
28119,371.0
28120,654.0
28121,189.0
28122,349.0
28123,617.0
28124,178.0
28125,609.0
28126,1075.0
28127,311.0
28128,247.0
28129,435.0
28130,126.0
28131,430.0
28132,758.0
28133,219.0
28134,252.0
28135,444.0
28136,128.0
28137,439.0
28138,774.0
28139,224.0
28140,414.0
28141,730.0
28142,211.0
28143,721.0
28144,1272.0
28145,368.0
28146,292.0
28147,515.0
28148,149.0
28149,509.0
28150,897.0
28151,260.0
28152,251.0
28153,443.0
28154,128.0
28155,438.0
28156,772.0
28157,223.0
28158,413.0
28159,728.0
28160,211.0
28161,719.0
28162,1269.0
28163,367.0
28164,291.0
28165,513.0
28166,149.0
28167,508.0
28168,895.0
28169,259.0
28170,200.0
28171,353.0
28172,102.0
28173,349.0
28174,616.0
28175,178.0
28176,329.0
28177,581.0
28178,168.0
28179,574.0
28180,1012.0
28181,293.0
28182,232.0
28183,410.0
28184,118.0
28185,405.0
28186,714.0
28187,207.0
28188,200.0
28189,352.0
28190,102.0
28191,348.0
28192,614.0
28193,178.0
28194,328.0
28195,579.0
28196,168.0
28197,572.0
28198,1010.0
28199,292.0
28200,232.0
28201,409.0
28202,118.0
28203,404.0
28204,712.0
28205,206.0
28206,199.0
28207,351.0
28208,102.0
28209,347.0
28210,613.0
28211,177.0
28212,328.0
28213,578.0
28214,167.0
28215,571.0
28216,1007.0
28217,291.0
28218,231.0
28219,408.0
28220,118.0
28221,403.0
28222,711.0
28223,206.0
28224,199.0
28225,351.0
28226,101.0
28227,347.0
28228,611.0
28229,177.0
28230,327.0
28231,576.0
28232,167.0
28233,570.0
28234,1005.0
28235,291.0
28236,230.0
28237,407.0
28238,118.0
28239,402.0
28240,709.0
28241,205.0
28242,209.0
28243,369.0
28244,107.0
28245,365.0
28246,643.0
28247,186.0
28248,344.0
28249,606.0
28250,175.0
28251,599.0
28252,1058.0
28253,306.0
28254,243.0
28255,428.0
28256,124.0
28257,423.0
28258,746.0
28259,216.0
28260,247.0
28261,437.0
28262,126.0
28263,432.0
28264,761.0
28265,220.0
28266,407.0
28267,718.0
28268,208.0
28269,709.0
28270,1252.0
28271,362.0
28272,287.0
28273,506.0
28274,146.0
28275,500.0
28276,883.0
28277,255.0
28278,247.0
28279,436.0
28280,126.0
28281,431.0
28282,760.0
28283,220.0
28284,406.0
28285,716.0
28286,207.0
28287,708.0
28288,1249.0
28289,361.0
28290,286.0
28291,505.0
28292,146.0
28293,499.0
28294,881.0
28295,255.0
28296,197.0
28297,348.0
28298,101.0
28299,344.0
28300,606.0
28301,175.0
28302,324.0
28303,571.0
28304,165.0
28305,565.0
28306,996.0
28307,288.0
28308,228.0
28309,403.0
28310,117.0
28311,398.0
28312,703.0
28313,203.0
28314,197.0
28315,347.0
28316,100.0
28317,343.0
28318,605.0
28319,175.0
28320,323.0
28321,570.0
28322,165.0
28323,564.0
28324,994.0
28325,288.0
28326,228.0
28327,402.0
28328,116.0
28329,398.0
28330,701.0
28331,203.0
28332,196.0
28333,346.0
28334,100.0
28335,342.0
28336,604.0
28337,175.0
28338,323.0
28339,569.0
28340,165.0
28341,563.0
28342,993.0
28343,287.0
28344,228.0
28345,402.0
28346,116.0
28347,397.0
28348,700.0
28349,203.0
28350,196.0
28351,346.0
28352,100.0
28353,342.0
28354,603.0
28355,174.0
28356,322.0
28357,568.0
28358,164.0
28359,562.0
28360,991.0
28361,287.0
28362,227.0
28363,401.0
28364,116.0
28365,396.0
28366,699.0
28367,202.0
28368,206.0
28369,364.0
28370,105.0
28371,360.0
28372,635.0
28373,184.0
28374,339.0
28375,598.0
28376,173.0
28377,591.0
28378,1043.0
28379,302.0
28380,239.0
28381,422.0
28382,122.0
28383,417.0
28384,736.0
28385,213.0
28386,244.0
28387,431.0
28388,125.0
28389,426.0
28390,752.0
28391,217.0
28392,402.0
28393,709.0
28394,205.0
28395,700.0
28396,1235.0
28397,357.0
28398,283.0
28399,500.0
28400,145.0
28401,494.0
28402,871.0
28403,252.0
28404,244.0
28405,430.0
28406,124.0
28407,425.0
28408,750.0
28409,217.0
28410,401.0
28411,708.0
28412,205.0
28413,699.0
28414,1234.0
28415,357.0
28416,283.0
28417,499.0
28418,144.0
28419,493.0
28420,870.0
28421,252.0
28422,195.0
28423,344.0
28424,99.0
28425,340.0
28426,599.0
28427,173.0
28428,320.0
28429,565.0
28430,163.0
28431,558.0
28432,985.0
28433,285.0
28434,226.0
28435,398.0
28436,115.0
28437,394.0
28438,695.0
28439,201.0
28440,195.0
28441,343.0
28442,99.0
28443,339.0
28444,599.0
28445,173.0
28446,320.0
28447,564.0
28448,163.0
28449,558.0
28450,984.0
28451,285.0
28452,226.0
28453,398.0
28454,115.0
28455,393.0
28456,694.0
28457,201.0
28458,194.0
28459,343.0
28460,99.0
28461,339.0
28462,598.0
28463,173.0
28464,320.0
28465,564.0
28466,163.0
28467,557.0
28468,983.0
28469,284.0
28470,225.0
28471,398.0
28472,115.0
28473,393.0
28474,693.0
28475,201.0
28476,194.0
28477,343.0
28478,99.0
28479,339.0
28480,597.0
28481,173.0
28482,319.0
28483,563.0
28484,163.0
28485,557.0
28486,982.0
28487,284.0
28488,225.0
28489,397.0
28490,115.0
28491,393.0
28492,693.0
28493,200.0
28494,205.0
28495,361.0
28496,104.0
28497,357.0
28498,629.0
28499,182.0
28500,336.0
28501,593.0
28502,172.0
28503,587.0
28504,1035.0
28505,299.0
28506,237.0
28507,419.0
28508,121.0
28509,414.0
28510,730.0
28511,211.0
28512,243.0
28513,428.0
28514,124.0
28515,423.0
28516,746.0
28517,216.0
28518,399.0
28519,703.0
28520,203.0
28521,695.0
28522,1227.0
28523,355.0
28524,281.0
28525,496.0
28526,144.0
28527,490.0
28528,865.0
28529,250.0
28530,242.0
28531,428.0
28532,124.0
28533,423.0
28534,746.0
28535,216.0
28536,399.0
28537,703.0
28538,203.0
28539,695.0
28540,1226.0
28541,355.0
28542,281.0
28543,496.0
28544,143.0
28545,490.0
28546,865.0
28547,250.0
28548,194.0
28549,342.0
28550,99.0
28551,338.0
28552,596.0
28553,172.0
28554,318.0
28555,562.0
28556,163.0
28557,555.0
28558,980.0
28559,283.0
28560,225.0
28561,396.0
28562,115.0
28563,392.0
28564,691.0
28565,200.0
28566,194.0
28567,342.0
28568,99.0
28569,338.0
28570,596.0
28571,172.0
28572,318.0
28573,562.0
28574,162.0
28575,555.0
28576,979.0
28577,283.0
28578,225.0
28579,396.0
28580,115.0
28581,392.0
28582,691.0
28583,200.0
28584,194.0
28585,342.0
28586,99.0
28587,338.0
28588,595.0
28589,172.0
28590,318.0
28591,561.0
28592,162.0
28593,555.0
28594,979.0
28595,283.0
28596,224.0
28597,396.0
28598,115.0
28599,391.0
28600,691.0
28601,200.0
28602,194.0
28603,341.0
28604,99.0
28605,337.0
28606,595.0
28607,172.0
28608,318.0
28609,561.0
28610,162.0
28611,555.0
28612,979.0
28613,283.0
28614,224.0
28615,396.0
28616,115.0
28617,391.0
28618,690.0
28619,200.0
28620,204.0
28621,360.0
28622,104.0
28623,356.0
28624,628.0
28625,182.0
28626,335.0
28627,592.0
28628,171.0
28629,585.0
28630,1032.0
28631,299.0
28632,237.0
28633,417.0
28634,121.0
28635,413.0
28636,728.0
28637,211.0
28638,242.0
28639,427.0
28640,124.0
28641,422.0
28642,745.0
28643,215.0
28644,398.0
28645,702.0
28646,203.0
28647,694.0
28648,1224.0
28649,354.0
28650,281.0
28651,495.0
28652,143.0
28653,489.0
28654,863.0
28655,250.0
28656,242.0
28657,427.0
28658,124.0
28659,422.0
28660,744.0
28661,215.0
28662,398.0
28663,702.0
28664,203.0
28665,694.0
28666,1224.0
28667,354.0
28668,281.0
28669,495.0
28670,143.0
28671,489.0
28672,863.0
28673,250.0
28674,193.0
28675,341.0
28676,99.0
28677,337.0
28678,595.0
28679,172.0
28680,318.0
28681,561.0
28682,162.0
28683,555.0
28684,978.0
28685,283.0
28686,224.0
28687,396.0
28688,114.0
28689,391.0
28690,690.0
28691,200.0
28692,193.0
28693,341.0
28694,99.0
28695,337.0
28696,595.0
28697,172.0
28698,318.0
28699,561.0
28700,162.0
28701,555.0
28702,978.0
28703,283.0
28704,224.0
28705,396.0
28706,114.0
28707,391.0
28708,690.0
28709,200.0
28710,193.0
28711,341.0
28712,99.0
28713,337.0
28714,595.0
28715,172.0
28716,318.0
28717,561.0
28718,162.0
28719,555.0
28720,978.0
28721,283.0
28722,224.0
28723,396.0
28724,114.0
28725,391.0
28726,690.0
28727,200.0
28728,193.0
28729,341.0
28730,99.0
28731,337.0
28732,595.0
28733,172.0
28734,318.0
28735,561.0
28736,162.0
28737,555.0
28738,978.0
28739,283.0
28740,224.0
28741,396.0
28742,114.0
28743,391.0
28744,690.0
28745,200.0
28746,204.0
28747,360.0
28748,104.0
28749,356.0
28750,627.0
28751,181.0
28752,335.0
28753,592.0
28754,171.0
28755,585.0
28756,1031.0
28757,298.0
28758,237.0
28759,417.0
28760,121.0
28761,412.0
28762,728.0
28763,210.0
28764,242.0
28765,427.0
28766,123.0
28767,422.0
28768,744.0
28769,215.0
28770,398.0
28771,702.0
28772,203.0
28773,693.0
28774,1223.0
28775,354.0
28776,281.0
28777,495.0
28778,143.0
28779,489.0
28780,863.0
28781,250.0
28782,242.0
28783,427.0
28784,123.0
28785,422.0
28786,744.0
28787,215.0
28788,398.0
28789,701.0
28790,203.0
28791,693.0
28792,1223.0
28793,354.0
28794,280.0
28795,495.0
28796,143.0
28797,489.0
28798,863.0
28799,250.0
28800,193.0
28801,341.0
28802,99.0
28803,337.0
28804,595.0
28805,172.0
28806,318.0
28807,561.0
28808,162.0
28809,554.0
28810,977.0
28811,283.0
28812,224.0
28813,395.0
28814,114.0
28815,391.0
28816,689.0
28817,199.0
28818,193.0
28819,341.0
28820,99.0
28821,337.0
28822,594.0
28823,172.0
28824,318.0
28825,560.0
28826,162.0
28827,554.0
28828,977.0
28829,283.0
28830,224.0
28831,395.0
28832,114.0
28833,391.0
28834,689.0
28835,199.0
28836,193.0
28837,341.0
28838,99.0
28839,337.0
28840,594.0
28841,172.0
28842,317.0
28843,560.0
28844,162.0
28845,554.0
28846,977.0
28847,283.0
28848,224.0
28849,395.0
28850,114.0
28851,391.0
28852,689.0
28853,199.0
28854,193.0
28855,340.0
28856,98.0
28857,337.0
28858,594.0
28859,172.0
28860,317.0
28861,560.0
28862,162.0
28863,553.0
28864,976.0
28865,282.0
28866,224.0
28867,395.0
28868,114.0
28869,390.0
28870,689.0
28871,199.0
28872,203.0
28873,359.0
28874,104.0
28875,355.0
28876,626.0
28877,181.0
28878,334.0
28879,590.0
28880,171.0
28881,583.0
28882,1029.0
28883,298.0
28884,236.0
28885,416.0
28886,120.0
28887,411.0
28888,726.0
28889,210.0
28890,241.0
28891,425.0
28892,123.0
28893,420.0
28894,742.0
28895,215.0
28896,396.0
28897,699.0
28898,202.0
28899,691.0
28900,1219.0
28901,353.0
28902,280.0
28903,493.0
28904,143.0
28905,487.0
28906,860.0
28907,249.0
28908,241.0
28909,425.0
28910,123.0
28911,420.0
28912,741.0
28913,214.0
28914,396.0
28915,698.0
28916,202.0
28917,690.0
28918,1218.0
28919,352.0
28920,279.0
28921,493.0
28922,143.0
28923,487.0
28924,859.0
28925,249.0
28926,192.0
28927,339.0
28928,98.0
28929,335.0
28930,592.0
28931,171.0
28932,316.0
28933,558.0
28934,161.0
28935,551.0
28936,973.0
28937,281.0
28938,223.0
28939,393.0
28940,114.0
28941,389.0
28942,686.0
28943,198.0
28944,192.0
28945,339.0
28946,98.0
28947,335.0
28948,591.0
28949,171.0
28950,316.0
28951,557.0
28952,161.0
28953,551.0
28954,971.0
28955,281.0
28956,223.0
28957,393.0
28958,114.0
28959,388.0
28960,685.0
28961,198.0
28962,192.0
28963,338.0
28964,98.0
28965,334.0
28966,590.0
28967,171.0
28968,315.0
28969,556.0
28970,161.0
28971,550.0
28972,970.0
28973,281.0
28974,222.0
28975,392.0
28976,114.0
28977,388.0
28978,684.0
28979,198.0
28980,191.0
28981,338.0
28982,98.0
28983,334.0
28984,589.0
28985,170.0
28986,315.0
28987,555.0
28988,161.0
28989,549.0
28990,968.0
28991,280.0
28992,222.0
28993,392.0
28994,113.0
28995,387.0
28996,683.0
28997,198.0
28998,202.0
28999,356.0
29000,103.0
29001,352.0
29002,620.0
29003,179.0
29004,331.0
29005,585.0
29006,169.0
29007,578.0
29008,1019.0
29009,295.0
29010,234.0
29011,412.0
29012,119.0
29013,408.0
29014,719.0
29015,208.0
29016,239.0
29017,421.0
29018,122.0
29019,416.0
29020,734.0
29021,212.0
29022,392.0
29023,692.0
29024,200.0
29025,684.0
29026,1207.0
29027,349.0
29028,277.0
29029,488.0
29030,141.0
29031,483.0
29032,851.0
29033,246.0
29034,238.0
29035,420.0
29036,122.0
29037,415.0
29038,733.0
29039,212.0
29040,392.0
29041,691.0
29042,200.0
29043,683.0
29044,1204.0
29045,348.0
29046,276.0
29047,487.0
29048,141.0
29049,482.0
29050,850.0
29051,246.0
29052,190.0
29053,335.0
29054,97.0
29055,331.0
29056,584.0
29057,169.0
29058,312.0
29059,551.0
29060,159.0
29061,545.0
29062,961.0
29063,278.0
29064,220.0
29065,389.0
29066,112.0
29067,384.0
29068,678.0
29069,196.0
29070,190.0
29071,334.0
29072,97.0
29073,330.0
29074,583.0
29075,169.0
29076,312.0
29077,550.0
29078,159.0
29079,543.0
29080,958.0
29081,277.0
29082,220.0
29083,388.0
29084,112.0
29085,383.0
29086,676.0
29087,196.0
29088,189.0
29089,333.0
29090,96.0
29091,330.0
29092,582.0
29093,168.0
29094,311.0
29095,548.0
29096,159.0
29097,542.0
29098,956.0
29099,277.0
29100,219.0
29101,387.0
29102,112.0
29103,382.0
29104,674.0
29105,195.0
29106,189.0
29107,333.0
29108,96.0
29109,329.0
29110,580.0
29111,168.0
29112,310.0
29113,547.0
29114,158.0
29115,540.0
29116,953.0
29117,276.0
29118,219.0
29119,386.0
29120,112.0
29121,381.0
29122,673.0
29123,195.0
29124,198.0
29125,350.0
29126,101.0
29127,346.0
29128,610.0
29129,176.0
29130,326.0
29131,575.0
29132,166.0
29133,568.0
29134,1003.0
29135,290.0
29136,230.0
29137,406.0
29138,117.0
29139,401.0
29140,707.0
29141,205.0
29142,234.0
29143,414.0
29144,120.0
29145,409.0
29146,721.0
29147,209.0
29148,385.0
29149,680.0
29150,197.0
29151,672.0
29152,1186.0
29153,343.0
29154,272.0
29155,480.0
29156,139.0
29157,474.0
29158,836.0
29159,242.0
29160,234.0
29161,412.0
29162,119.0
29163,408.0
29164,719.0
29165,208.0
29166,384.0
29167,678.0
29168,196.0
29169,670.0
29170,1182.0
29171,342.0
29172,271.0
29173,478.0
29174,138.0
29175,473.0
29176,834.0
29177,241.0
29178,186.0
29179,329.0
29180,95.0
29181,325.0
29182,573.0
29183,166.0
29184,306.0
29185,540.0
29186,156.0
29187,534.0
29188,942.0
29189,272.0
29190,216.0
29191,381.0
29192,110.0
29193,377.0
29194,664.0
29195,192.0
29196,186.0
29197,327.0
29198,95.0
29199,324.0
29200,571.0
29201,165.0
29202,305.0
29203,538.0
29204,156.0
29205,532.0
29206,939.0
29207,272.0
29208,215.0
29209,380.0
29210,110.0
29211,375.0
29212,662.0
29213,192.0
29214,185.0
29215,326.0
29216,94.0
29217,323.0
29218,569.0
29219,165.0
29220,304.0
29221,536.0
29222,155.0
29223,530.0
29224,935.0
29225,271.0
29226,214.0
29227,378.0
29228,109.0
29229,374.0
29230,660.0
29231,191.0
29232,184.0
29233,325.0
29234,94.0
29235,321.0
29236,567.0
29237,164.0
29238,303.0
29239,534.0
29240,155.0
29241,528.0
29242,932.0
29243,270.0
29244,214.0
29245,377.0
29246,109.0
29247,373.0
29248,657.0
29249,190.0
29250,194.0
29251,342.0
29252,99.0
29253,338.0
29254,596.0
29255,172.0
29256,318.0
29257,562.0
29258,162.0
29259,555.0
29260,979.0
29261,283.0
29262,225.0
29263,396.0
29264,115.0
29265,392.0
29266,691.0
29267,200.0
29268,229.0
29269,404.0
29270,117.0
29271,399.0
29272,704.0
29273,204.0
29274,376.0
29275,664.0
29276,192.0
29277,656.0
29278,1157.0
29279,335.0
29280,265.0
29281,468.0
29282,135.0
29283,463.0
29284,816.0
29285,236.0
29286,228.0
29287,402.0
29288,116.0
29289,398.0
29290,701.0
29291,203.0
29292,375.0
29293,661.0
29294,191.0
29295,654.0
29296,1153.0
29297,333.0
29298,264.0
29299,466.0
29300,135.0
29301,461.0
29302,813.0
29303,235.0
29304,182.0
29305,320.0
29306,93.0
29307,317.0
29308,558.0
29309,162.0
29310,298.0
29311,527.0
29312,152.0
29313,520.0
29314,918.0
29315,266.0
29316,211.0
29317,371.0
29318,107.0
29319,367.0
29320,648.0
29321,187.0
29322,181.0
29323,319.0
29324,92.0
29325,315.0
29326,556.0
29327,161.0
29328,297.0
29329,525.0
29330,152.0
29331,518.0
29332,915.0
29333,265.0
29334,210.0
29335,370.0
29336,107.0
29337,366.0
29338,645.0
29339,187.0
29340,180.0
29341,318.0
29342,92.0
29343,314.0
29344,554.0
29345,160.0
29346,296.0
29347,522.0
29348,151.0
29349,516.0
29350,911.0
29351,264.0
29352,209.0
29353,369.0
29354,107.0
29355,364.0
29356,643.0
29357,186.0
29358,179.0
29359,317.0
29360,92.0
29361,313.0
29362,552.0
29363,160.0
29364,295.0
29365,520.0
29366,151.0
29367,514.0
29368,908.0
29369,263.0
29370,208.0
29371,367.0
29372,106.0
29373,363.0
29374,640.0
29375,185.0
29376,189.0
29377,333.0
29378,96.0
29379,329.0
29380,580.0
29381,168.0
29382,310.0
29383,547.0
29384,158.0
29385,540.0
29386,953.0
29387,276.0
29388,219.0
29389,386.0
29390,112.0
29391,381.0
29392,673.0
29393,195.0
29394,223.0
29395,393.0
29396,114.0
29397,388.0
29398,685.0
29399,198.0
29400,366.0
29401,646.0
29402,187.0
29403,639.0
29404,1127.0
29405,326.0
29406,258.0
29407,456.0
29408,132.0
29409,450.0
29410,795.0
29411,230.0
29412,222.0
29413,392.0
29414,113.0
29415,387.0
29416,683.0
29417,197.0
29418,365.0
29419,644.0
29420,186.0
29421,636.0
29422,1122.0
29423,325.0
29424,257.0
29425,454.0
29426,131.0
29427,449.0
29428,792.0
29429,229.0
29430,177.0
29431,312.0
29432,90.0
29433,308.0
29434,544.0
29435,157.0
29436,291.0
29437,513.0
29438,148.0
29439,507.0
29440,894.0
29441,259.0
29442,205.0
29443,362.0
29444,105.0
29445,357.0
29446,631.0
29447,182.0
29448,176.0
29449,311.0
29450,90.0
29451,307.0
29452,542.0
29453,157.0
29454,290.0
29455,511.0
29456,148.0
29457,505.0
29458,891.0
29459,258.0
29460,204.0
29461,360.0
29462,104.0
29463,356.0
29464,628.0
29465,182.0
29466,175.0
29467,310.0
29468,90.0
29469,306.0
29470,540.0
29471,156.0
29472,289.0
29473,509.0
29474,147.0
29475,503.0
29476,888.0
29477,257.0
29478,204.0
29479,359.0
29480,104.0
29481,355.0
29482,626.0
29483,181.0
29484,175.0
29485,309.0
29486,89.0
29487,305.0
29488,538.0
29489,156.0
29490,288.0
29491,507.0
29492,147.0
29493,501.0
29494,884.0
29495,256.0
29496,203.0
29497,358.0
29498,104.0
29499,354.0
29500,624.0
29501,180.0
29502,184.0
29503,324.0
29504,94.0
29505,321.0
29506,565.0
29507,164.0
29508,302.0
29509,533.0
29510,154.0
29511,527.0
29512,930.0
29513,269.0
29514,213.0
29515,376.0
29516,109.0
29517,372.0
29518,656.0
29519,190.0
29520,217.0
29521,383.0
29522,111.0
29523,379.0
29524,669.0
29525,193.0
29526,357.0
29527,630.0
29528,182.0
29529,623.0
29530,1099.0
29531,318.0
29532,252.0
29533,445.0
29534,129.0
29535,439.0
29536,775.0
29537,224.0
29538,217.0
29539,382.0
29540,111.0
29541,378.0
29542,666.0
29543,193.0
29544,356.0
29545,628.0
29546,182.0
29547,621.0
29548,1096.0
29549,317.0
29550,251.0
29551,443.0
29552,128.0
29553,438.0
29554,773.0
29555,224.0
29556,173.0
29557,305.0
29558,88.0
29559,301.0
29560,531.0
29561,154.0
29562,284.0
29563,501.0
29564,145.0
29565,495.0
29566,873.0
29567,253.0
29568,200.0
29569,353.0
29570,102.0
29571,349.0
29572,616.0
29573,178.0
29574,172.0
29575,304.0
29576,88.0
29577,300.0
29578,530.0
29579,153.0
29580,283.0
29581,499.0
29582,144.0
29583,494.0
29584,871.0
29585,252.0
29586,200.0
29587,352.0
29588,102.0
29589,348.0
29590,614.0
29591,178.0
29592,172.0
29593,303.0
29594,88.0
29595,299.0
29596,528.0
29597,153.0
29598,282.0
29599,498.0
29600,144.0
29601,492.0
29602,868.0
29603,251.0
29604,199.0
29605,351.0
29606,102.0
29607,347.0
29608,613.0
29609,177.0
29610,171.0
29611,302.0
29612,87.0
29613,299.0
29614,527.0
29615,152.0
29616,282.0
29617,497.0
29618,144.0
29619,491.0
29620,866.0
29621,251.0
29622,199.0
29623,350.0
29624,101.0
29625,346.0
29626,611.0
29627,177.0
29628,180.0
29629,318.0
29630,92.0
29631,314.0
29632,554.0
29633,160.0
29634,296.0
29635,523.0
29636,151.0
29637,517.0
29638,911.0
29639,264.0
29640,209.0
29641,369.0
29642,107.0
29643,364.0
29644,643.0
29645,186.0
29646,213.0
29647,376.0
29648,109.0
29649,372.0
29650,656.0
29651,190.0
29652,351.0
29653,618.0
29654,179.0
29655,611.0
29656,1078.0
29657,312.0
29658,247.0
29659,436.0
29660,126.0
29661,431.0
29662,761.0
29663,220.0
29664,213.0
29665,375.0
29666,109.0
29667,371.0
29668,655.0
29669,189.0
29670,350.0
29671,617.0
29672,179.0
29673,610.0
29674,1076.0
29675,311.0
29676,247.0
29677,435.0
29678,126.0
29679,430.0
29680,759.0
29681,220.0
29682,170.0
29683,300.0
29684,87.0
29685,296.0
29686,522.0
29687,151.0
29688,279.0
29689,492.0
29690,142.0
29691,487.0
29692,859.0
29693,248.0
29694,197.0
29695,347.0
29696,100.0
29697,343.0
29698,606.0
29699,175.0
29700,169.0
29701,299.0
29702,86.0
29703,296.0
29704,521.0
29705,151.0
29706,279.0
29707,492.0
29708,142.0
29709,486.0
29710,857.0
29711,248.0
29712,197.0
29713,347.0
29714,100.0
29715,343.0
29716,605.0
29717,175.0
29718,169.0
29719,299.0
29720,86.0
29721,295.0
29722,521.0
29723,151.0
29724,278.0
29725,491.0
29726,142.0
29727,485.0
29728,856.0
29729,248.0
29730,196.0
29731,346.0
29732,100.0
29733,342.0
29734,604.0
29735,175.0
29736,169.0
29737,298.0
29738,86.0
29739,295.0
29740,520.0
29741,150.0
29742,278.0
29743,490.0
29744,142.0
29745,484.0
29746,854.0
29747,247.0
29748,196.0
29749,346.0
29750,100.0
29751,342.0
29752,603.0
29753,174.0
29754,178.0
29755,314.0
29756,91.0
29757,310.0
29758,547.0
29759,158.0
29760,293.0
29761,516.0
29762,149.0
29763,510.0
29764,900.0
29765,260.0
29766,206.0
29767,364.0
29768,105.0
29769,360.0
29770,635.0
29771,184.0
29772,211.0
29773,372.0
29774,108.0
29775,368.0
29776,649.0
29777,188.0
29778,347.0
29779,611.0
29780,177.0
29781,604.0
29782,1066.0
29783,308.0
29784,244.0
29785,431.0
29786,125.0
29787,426.0
29788,752.0
29789,218.0
29790,211.0
29791,372.0
29792,107.0
29793,367.0
29794,648.0
29795,187.0
29796,346.0
29797,611.0
29798,177.0
29799,604.0
29800,1065.0
29801,308.0
29802,244.0
29803,431.0
29804,125.0
29805,426.0
29806,751.0
29807,217.0
29808,168.0
29809,297.0
29810,86.0
29811,293.0
29812,517.0
29813,150.0
29814,277.0
29815,488.0
29816,141.0
29817,482.0
29818,851.0
29819,246.0
29820,195.0
29821,344.0
29822,100.0
29823,340.0
29824,600.0
29825,174.0
29826,168.0
29827,296.0
29828,86.0
29829,293.0
29830,517.0
29831,150.0
29832,276.0
29833,487.0
29834,141.0
29835,482.0
29836,850.0
29837,246.0
29838,195.0
29839,344.0
29840,99.0
29841,340.0
29842,600.0
29843,173.0
29844,168.0
29845,296.0
29846,86.0
29847,293.0
29848,517.0
29849,149.0
29850,276.0
29851,487.0
29852,141.0
29853,481.0
29854,849.0
29855,246.0
29856,195.0
29857,344.0
29858,99.0
29859,340.0
29860,599.0
29861,173.0
29862,168.0
29863,296.0
29864,86.0
29865,293.0
29866,516.0
29867,149.0
29868,276.0
29869,487.0
29870,141.0
29871,481.0
29872,849.0
29873,246.0
29874,195.0
29875,343.0
29876,99.0
29877,339.0
29878,599.0
29879,173.0
29880,177.0
29881,312.0
29882,90.0
29883,309.0
29884,544.0
29885,157.0
29886,291.0
29887,513.0
29888,148.0
29889,507.0
29890,895.0
29891,259.0
29892,205.0
29893,362.0
29894,105.0
29895,358.0
29896,631.0
29897,183.0
29898,210.0
29899,370.0
29900,107.0
29901,366.0
29902,645.0
29903,187.0
29904,345.0
29905,608.0
29906,176.0
29907,601.0
29908,1061.0
29909,307.0
29910,243.0
29911,429.0
29912,124.0
29913,424.0
29914,748.0
29915,216.0
29916,210.0
29917,370.0
29918,107.0
29919,366.0
29920,645.0
29921,187.0
29922,345.0
29923,608.0
29924,176.0
29925,601.0
29926,1060.0
29927,307.0
29928,243.0
29929,429.0
29930,124.0
29931,424.0
29932,748.0
29933,216.0
29934,168.0
29935,296.0
29936,86.0
29937,292.0
29938,516.0
29939,149.0
29940,276.0
29941,486.0
29942,141.0
29943,480.0
29944,848.0
29945,245.0
29946,194.0
29947,343.0
29948,99.0
29949,339.0
29950,598.0
29951,173.0
29952,168.0
29953,296.0
29954,86.0
29955,292.0
29956,515.0
29957,149.0
29958,275.0
29959,486.0
29960,141.0
29961,480.0
29962,847.0
29963,245.0
29964,194.0
29965,343.0
29966,99.0
29967,339.0
29968,598.0
29969,173.0
29970,168.0
29971,296.0
29972,85.0
29973,292.0
29974,515.0
29975,149.0
29976,275.0
29977,486.0
29978,141.0
29979,480.0
29980,847.0
29981,245.0
29982,194.0
29983,343.0
29984,99.0
29985,339.0
29986,598.0
29987,173.0
29988,167.0
29989,295.0
29990,85.0
29991,292.0
29992,515.0
29993,149.0
29994,275.0
29995,486.0
29996,141.0
29997,480.0
29998,847.0
29999,245.0
30000,194.0
30001,343.0
30002,99.0
30003,339.0
30004,597.0
30005,173.0
30006,177.0
30007,312.0
30008,90.0
30009,308.0
30010,543.0
30011,157.0
30012,290.0
30013,512.0
30014,148.0
30015,506.0
30016,893.0
30017,258.0
30018,205.0
30019,361.0
30020,105.0
30021,357.0
30022,630.0
30023,182.0
30024,209.0
30025,369.0
30026,107.0
30027,365.0
30028,644.0
30029,186.0
30030,344.0
30031,607.0
30032,176.0
30033,600.0
30034,1059.0
30035,306.0
30036,243.0
30037,428.0
30038,124.0
30039,424.0
30040,747.0
30041,216.0
30042,209.0
30043,369.0
30044,107.0
30045,365.0
30046,644.0
30047,186.0
30048,344.0
30049,607.0
30050,176.0
30051,600.0
30052,1059.0
30053,306.0
30054,243.0
30055,428.0
30056,124.0
30057,423.0
30058,747.0
30059,216.0
30060,167.0
30061,295.0
30062,85.0
30063,292.0
30064,515.0
30065,149.0
30066,275.0
30067,485.0
30068,140.0
30069,480.0
30070,846.0
30071,245.0
30072,194.0
30073,342.0
30074,99.0
30075,338.0
30076,597.0
30077,173.0
30078,167.0
30079,295.0
30080,85.0
30081,292.0
30082,515.0
30083,149.0
30084,275.0
30085,485.0
30086,140.0
30087,480.0
30088,846.0
30089,245.0
30090,194.0
30091,342.0
30092,99.0
30093,338.0
30094,597.0
30095,173.0
30096,167.0
30097,295.0
30098,85.0
30099,292.0
30100,515.0
30101,149.0
30102,275.0
30103,485.0
30104,140.0
30105,480.0
30106,846.0
30107,245.0
30108,194.0
30109,342.0
30110,99.0
30111,338.0
30112,597.0
30113,173.0
30114,167.0
30115,295.0
30116,85.0
30117,292.0
30118,514.0
30119,149.0
30120,275.0
30121,485.0
30122,140.0
30123,479.0
30124,846.0
30125,245.0
30126,194.0
30127,342.0
30128,99.0
30129,338.0
30130,597.0
30131,173.0
30132,176.0
30133,311.0
30134,90.0
30135,307.0
30136,542.0
30137,157.0
30138,290.0
30139,511.0
30140,148.0
30141,505.0
30142,892.0
30143,258.0
30144,204.0
30145,361.0
30146,104.0
30147,357.0
30148,629.0
30149,182.0
30150,209.0
30151,369.0
30152,107.0
30153,365.0
30154,643.0
30155,186.0
30156,344.0
30157,606.0
30158,175.0
30159,599.0
30160,1057.0
30161,306.0
30162,242.0
30163,428.0
30164,124.0
30165,423.0
30166,746.0
30167,216.0
30168,209.0
30169,369.0
30170,107.0
30171,364.0
30172,643.0
30173,186.0
30174,344.0
30175,606.0
30176,175.0
30177,599.0
30178,1057.0
30179,306.0
30180,242.0
30181,427.0
30182,124.0
30183,423.0
30184,745.0
30185,216.0
30186,167.0
30187,295.0
30188,85.0
30189,291.0
30190,514.0
30191,149.0
30192,274.0
30193,484.0
30194,140.0
30195,479.0
30196,844.0
30197,244.0
30198,194.0
30199,342.0
30200,99.0
30201,338.0
30202,596.0
30203,172.0
30204,167.0
30205,294.0
30206,85.0
30207,291.0
30208,513.0
30209,148.0
30210,274.0
30211,484.0
30212,140.0
30213,478.0
30214,844.0
30215,244.0
30216,193.0
30217,341.0
30218,99.0
30219,337.0
30220,595.0
30221,172.0
30222,167.0
30223,294.0
30224,85.0
30225,291.0
30226,513.0
30227,148.0
30228,274.0
30229,484.0
30230,140.0
30231,478.0
30232,843.0
30233,244.0
30234,193.0
30235,341.0
30236,99.0
30237,337.0
30238,595.0
30239,172.0
30240,167.0
30241,294.0
30242,85.0
30243,290.0
30244,512.0
30245,148.0
30246,274.0
30247,483.0
30248,140.0
30249,478.0
30250,842.0
30251,244.0
30252,193.0
30253,341.0
30254,99.0
30255,337.0
30256,594.0
30257,172.0
30258,176.0
30259,310.0
30260,90.0
30261,306.0
30262,540.0
30263,156.0
30264,289.0
30265,509.0
30266,147.0
30267,503.0
30268,888.0
30269,257.0
30270,204.0
30271,359.0
30272,104.0
30273,355.0
30274,626.0
30275,181.0
30276,208.0
30277,367.0
30278,106.0
30279,363.0
30280,640.0
30281,185.0
30282,342.0
30283,603.0
30284,175.0
30285,596.0
30286,1052.0
30287,304.0
30288,241.0
30289,426.0
30290,123.0
30291,421.0
30292,742.0
30293,215.0
30294,208.0
30295,367.0
30296,106.0
30297,362.0
30298,639.0
30299,185.0
30300,342.0
30301,603.0
30302,174.0
30303,596.0
30304,1051.0
30305,304.0
30306,241.0
30307,425.0
30308,123.0
30309,420.0
30310,741.0
30311,214.0
30312,166.0
30313,293.0
30314,85.0
30315,289.0
30316,510.0
30317,148.0
30318,273.0
30319,481.0
30320,139.0
30321,476.0
30322,839.0
30323,243.0
30324,192.0
30325,339.0
30326,98.0
30327,336.0
30328,592.0
30329,171.0
30330,166.0
30331,292.0
30332,85.0
30333,289.0
30334,510.0
30335,147.0
30336,272.0
30337,481.0
30338,139.0
30339,475.0
30340,838.0
30341,242.0
30342,192.0
30343,339.0
30344,98.0
30345,335.0
30346,591.0
30347,171.0
30348,166.0
30349,292.0
30350,84.0
30351,289.0
30352,509.0
30353,147.0
30354,272.0
30355,480.0
30356,139.0
30357,474.0
30358,837.0
30359,242.0
30360,192.0
30361,339.0
30362,98.0
30363,335.0
30364,590.0
30365,171.0
30366,165.0
30367,292.0
30368,84.0
30369,288.0
30370,508.0
30371,147.0
30372,272.0
30373,479.0
30374,139.0
30375,474.0
30376,836.0
30377,242.0
30378,192.0
30379,338.0
30380,98.0
30381,334.0
30382,590.0
30383,171.0
30384,174.0
30385,307.0
30386,89.0
30387,304.0
30388,535.0
30389,155.0
30390,286.0
30391,505.0
30392,146.0
30393,499.0
30394,880.0
30395,255.0
30396,202.0
30397,356.0
30398,103.0
30399,352.0
30400,621.0
30401,180.0
30402,206.0
30403,364.0
30404,105.0
30405,359.0
30406,634.0
30407,183.0
30408,339.0
30409,598.0
30410,173.0
30411,591.0
30412,1043.0
30413,302.0
30414,239.0
30415,422.0
30416,122.0
30417,417.0
30418,735.0
30419,213.0
30420,206.0
30421,363.0
30422,105.0
30423,359.0
30424,633.0
30425,183.0
30426,338.0
30427,597.0
30428,173.0
30429,590.0
30430,1041.0
30431,301.0
30432,239.0
30433,421.0
30434,122.0
30435,416.0
30436,734.0
30437,212.0
30438,164.0
30439,290.0
30440,84.0
30441,287.0
30442,505.0
30443,146.0
30444,270.0
30445,477.0
30446,138.0
30447,471.0
30448,831.0
30449,240.0
30450,191.0
30451,336.0
30452,97.0
30453,332.0
30454,586.0
30455,170.0
30456,164.0
30457,289.0
30458,84.0
30459,286.0
30460,505.0
30461,146.0
30462,270.0
30463,476.0
30464,138.0
30465,470.0
30466,830.0
30467,240.0
30468,190.0
30469,336.0
30470,97.0
30471,332.0
30472,585.0
30473,169.0
30474,164.0
30475,289.0
30476,84.0
30477,286.0
30478,504.0
30479,146.0
30480,269.0
30481,475.0
30482,137.0
30483,470.0
30484,828.0
30485,240.0
30486,190.0
30487,335.0
30488,97.0
30489,331.0
30490,584.0
30491,169.0
30492,164.0
30493,288.0
30494,83.0
30495,285.0
30496,503.0
30497,146.0
30498,269.0
30499,474.0
30500,137.0
30501,469.0
30502,827.0
30503,239.0
30504,190.0
30505,335.0
30506,97.0
30507,331.0
30508,583.0
30509,169.0
30510,172.0
30511,304.0
30512,88.0
30513,300.0
30514,530.0
30515,153.0
30516,283.0
30517,499.0
30518,144.0
30519,494.0
30520,871.0
30521,252.0
30522,200.0
30523,352.0
30524,102.0
30525,348.0
30526,614.0
30527,178.0
30528,204.0
30529,360.0
30530,104.0
30531,356.0
30532,627.0
30533,181.0
30534,335.0
30535,591.0
30536,171.0
30537,585.0
30538,1031.0
30539,298.0
30540,236.0
30541,417.0
30542,121.0
30543,412.0
30544,727.0
30545,210.0
30546,204.0
30547,359.0
30548,104.0
30549,355.0
30550,626.0
30551,181.0
30552,335.0
30553,590.0
30554,171.0
30555,584.0
30556,1030.0
30557,298.0
30558,236.0
30559,416.0
30560,120.0
30561,412.0
30562,726.0
30563,210.0
30564,163.0
30565,287.0
30566,83.0
30567,283.0
30568,500.0
30569,145.0
30570,267.0
30571,471.0
30572,136.0
30573,466.0
30574,822.0
30575,238.0
30576,188.0
30577,332.0
30578,96.0
30579,329.0
30580,580.0
30581,168.0
30582,162.0
30583,286.0
30584,83.0
30585,283.0
30586,499.0
30587,144.0
30588,267.0
30589,471.0
30590,136.0
30591,465.0
30592,821.0
30593,237.0
30594,188.0
30595,332.0
30596,96.0
30597,328.0
30598,579.0
30599,167.0
30600,162.0
30601,286.0
30602,83.0
30603,283.0
30604,499.0
30605,144.0
30606,266.0
30607,470.0
30608,136.0
30609,465.0
30610,820.0
30611,237.0
30612,188.0
30613,332.0
30614,96.0
30615,328.0
30616,578.0
30617,167.0
30618,162.0
30619,286.0
30620,83.0
30621,282.0
30622,498.0
30623,144.0
30624,266.0
30625,469.0
30626,136.0
30627,464.0
30628,818.0
30629,237.0
30630,188.0
30631,331.0
30632,96.0
30633,327.0
30634,577.0
30635,167.0
30636,170.0
30637,301.0
30638,87.0
30639,297.0
30640,524.0
30641,152.0
30642,280.0
30643,494.0
30644,143.0
30645,489.0
30646,862.0
30647,249.0
30648,198.0
30649,349.0
30650,101.0
30651,345.0
30652,608.0
30653,176.0
30654,202.0
30655,356.0
30656,103.0
30657,352.0
30658,621.0
30659,180.0
30660,332.0
30661,586.0
30662,169.0
30663,579.0
30664,1021.0
30665,295.0
30666,234.0
30667,413.0
30668,120.0
30669,408.0
30670,721.0
30671,208.0
30672,202.0
30673,356.0
30674,103.0
30675,352.0
30676,621.0
30677,180.0
30678,332.0
30679,585.0
30680,169.0
30681,578.0
30682,1020.0
30683,295.0
30684,234.0
30685,413.0
30686,119.0
30687,408.0
30688,720.0
30689,208.0
30690,161.0
30691,284.0
30692,82.0
30693,281.0
30694,496.0
30695,143.0
30696,265.0
30697,467.0
30698,135.0
30699,462.0
30700,815.0
30701,236.0
30702,187.0
30703,330.0
30704,95.0
30705,326.0
30706,575.0
30707,166.0
30708,161.0
30709,284.0
30710,82.0
30711,281.0
30712,495.0
30713,143.0
30714,265.0
30715,467.0
30716,135.0
30717,462.0
30718,814.0
30719,236.0
30720,187.0
30721,329.0
30722,95.0
30723,326.0
30724,575.0
30725,166.0
30726,161.0
30727,284.0
30728,82.0
30729,281.0
30730,495.0
30731,143.0
30732,265.0
30733,467.0
30734,135.0
30735,461.0
30736,814.0
30737,235.0
30738,187.0
30739,329.0
30740,95.0
30741,325.0
30742,574.0
30743,166.0
30744,161.0
30745,284.0
30746,82.0
30747,281.0
30748,495.0
30749,143.0
30750,265.0
30751,467.0
30752,135.0
30753,461.0
30754,814.0
30755,235.0
30756,187.0
30757,329.0
30758,95.0
30759,325.0
30760,574.0
30761,166.0
30762,170.0
30763,299.0
30764,87.0
30765,296.0
30766,522.0
30767,151.0
30768,279.0
30769,492.0
30770,142.0
30771,486.0
30772,858.0
30773,248.0
30774,197.0
30775,347.0
30776,100.0
30777,343.0
30778,605.0
30779,175.0
30780,201.0
30781,355.0
30782,103.0
30783,351.0
30784,619.0
30785,179.0
30786,331.0
30787,583.0
30788,169.0
30789,577.0
30790,1017.0
30791,294.0
30792,233.0
30793,412.0
30794,119.0
30795,407.0
30796,718.0
30797,208.0
30798,201.0
30799,355.0
30800,103.0
30801,351.0
30802,619.0
30803,179.0
30804,331.0
30805,583.0
30806,169.0
30807,577.0
30808,1017.0
30809,294.0
30810,233.0
30811,412.0
30812,119.0
30813,407.0
30814,718.0
30815,208.0
30816,161.0
30817,284.0
30818,82.0
30819,281.0
30820,495.0
30821,143.0
30822,264.0
30823,467.0
30824,135.0
30825,461.0
30826,814.0
30827,235.0
30828,187.0
30829,329.0
30830,95.0
30831,325.0
30832,574.0
30833,166.0
30834,161.0
30835,284.0
30836,82.0
30837,281.0
30838,495.0
30839,143.0
30840,265.0
30841,467.0
30842,135.0
30843,461.0
30844,814.0
30845,235.0
30846,187.0
30847,329.0
30848,95.0
30849,325.0
30850,574.0
30851,166.0
30852,161.0
30853,284.0
30854,82.0
30855,281.0
30856,495.0
30857,143.0
30858,265.0
30859,467.0
30860,135.0
30861,462.0
30862,814.0
30863,236.0
30864,187.0
30865,329.0
30866,95.0
30867,326.0
30868,574.0
30869,166.0
30870,161.0
30871,284.0
30872,82.0
30873,281.0
30874,496.0
30875,143.0
30876,265.0
30877,467.0
30878,135.0
30879,462.0
30880,815.0
30881,236.0
30882,187.0
30883,330.0
30884,95.0
30885,326.0
30886,575.0
30887,166.0
30888,170.0
30889,300.0
30890,87.0
30891,297.0
30892,523.0
30893,151.0
30894,280.0
30895,493.0
30896,143.0
30897,488.0
30898,860.0
30899,249.0
30900,197.0
30901,348.0
30902,101.0
30903,344.0
30904,607.0
30905,176.0
30906,202.0
30907,356.0
30908,103.0
30909,352.0
30910,621.0
30911,180.0
30912,332.0
30913,586.0
30914,169.0
30915,579.0
30916,1021.0
30917,295.0
30918,234.0
30919,413.0
30920,120.0
30921,408.0
30922,721.0
30923,208.0
30924,202.0
30925,357.0
30926,103.0
30927,353.0
30928,622.0
30929,180.0
30930,332.0
30931,587.0
30932,170.0
30933,580.0
30934,1023.0
30935,296.0
30936,235.0
30937,414.0
30938,120.0
30939,409.0
30940,721.0
30941,209.0
30942,162.0
30943,286.0
30944,83.0
30945,282.0
30946,498.0
30947,144.0
30948,266.0
30949,470.0
30950,136.0
30951,464.0
30952,819.0
30953,237.0
30954,188.0
30955,331.0
30956,96.0
30957,327.0
30958,578.0
30959,167.0
30960,162.0
30961,286.0
30962,83.0
30963,283.0
30964,499.0
30965,144.0
30966,267.0
30967,470.0
30968,136.0
30969,465.0
30970,820.0
30971,237.0
30972,188.0
30973,332.0
30974,96.0
30975,328.0
30976,579.0
30977,167.0
30978,162.0
30979,287.0
30980,83.0
30981,283.0
30982,500.0
30983,145.0
30984,267.0
30985,471.0
30986,136.0
30987,466.0
30988,822.0
30989,238.0
30990,188.0
30991,332.0
30992,96.0
30993,329.0
30994,580.0
30995,168.0
30996,163.0
30997,287.0
30998,83.0
30999,284.0
31000,501.0
31001,145.0
31002,268.0
31003,472.0
31004,137.0
31005,467.0
31006,823.0
31007,238.0
31008,189.0
31009,333.0
31010,96.0
31011,329.0
31012,581.0
31013,168.0
31014,172.0
31015,303.0
31016,88.0
31017,300.0
31018,529.0
31019,153.0
31020,283.0
31021,499.0
31022,144.0
31023,493.0
31024,870.0
31025,252.0
31026,199.0
31027,352.0
31028,102.0
31029,348.0
31030,614.0
31031,177.0
31032,204.0
31033,361.0
31034,104.0
31035,357.0
31036,629.0
31037,182.0
31038,336.0
31039,593.0
31040,172.0
31041,586.0
31042,1034.0
31043,299.0
31044,237.0
31045,418.0
31046,121.0
31047,413.0
31048,729.0
31049,211.0
31050,205.0
31051,361.0
31052,105.0
31053,357.0
31054,630.0
31055,182.0
31056,337.0
31057,594.0
31058,172.0
31059,587.0
31060,1036.0
31061,300.0
31062,238.0
31063,419.0
31064,121.0
31065,414.0
31066,731.0
31067,211.0
31068,164.0
31069,290.0
31070,84.0
31071,286.0
31072,505.0
31073,146.0
31074,270.0
31075,476.0
31076,138.0
31077,471.0
31078,830.0
31079,240.0
31080,190.0
31081,336.0
31082,97.0
31083,332.0
31084,586.0
31085,169.0
31086,165.0
31087,290.0
31088,84.0
31089,287.0
31090,506.0
31091,146.0
31092,271.0
31093,477.0
31094,138.0
31095,472.0
31096,832.0
31097,241.0
31098,191.0
31099,337.0
31100,97.0
31101,333.0
31102,587.0
31103,170.0
31104,165.0
31105,291.0
31106,84.0
31107,288.0
31108,508.0
31109,147.0
31110,271.0
31111,479.0
31112,138.0
31113,473.0
31114,834.0
31115,241.0
31116,191.0
31117,338.0
31118,98.0
31119,334.0
31120,589.0
31121,170.0
31122,165.0
31123,292.0
31124,84.0
31125,288.0
31126,509.0
31127,147.0
31128,272.0
31129,480.0
31130,139.0
31131,474.0
31132,837.0
31133,242.0
31134,192.0
31135,338.0
31136,98.0
31137,335.0
31138,590.0
31139,171.0
31140,175.0
31141,309.0
31142,89.0
31143,305.0
31144,538.0
31145,156.0
31146,288.0
31147,507.0
31148,147.0
31149,501.0
31150,885.0
31151,256.0
31152,203.0
31153,358.0
31154,104.0
31155,354.0
31156,624.0
31157,180.0
31158,208.0
31159,367.0
31160,106.0
31161,363.0
31162,640.0
31163,185.0
31164,342.0
31165,603.0
31166,175.0
31167,596.0
31168,1052.0
31169,304.0
31170,241.0
31171,426.0
31172,123.0
31173,421.0
31174,742.0
31175,215.0
31176,209.0
31177,368.0
31178,106.0
31179,364.0
31180,642.0
31181,186.0
31182,343.0
31183,605.0
31184,175.0
31185,598.0
31186,1055.0
31187,305.0
31188,242.0
31189,427.0
31190,123.0
31191,422.0
31192,744.0
31193,215.0
31194,167.0
31195,295.0
31196,85.0
31197,292.0
31198,514.0
31199,149.0
31200,275.0
31201,485.0
31202,140.0
31203,479.0
31204,845.0
31205,245.0
31206,194.0
31207,342.0
31208,99.0
31209,338.0
31210,596.0
31211,173.0
31212,168.0
31213,296.0
31214,86.0
31215,292.0
31216,516.0
31217,149.0
31218,276.0
31219,486.0
31220,141.0
31221,481.0
31222,848.0
31223,245.0
31224,194.0
31225,343.0
31226,99.0
31227,339.0
31228,598.0
31229,173.0
31230,168.0
31231,296.0
31232,86.0
31233,293.0
31234,517.0
31235,150.0
31236,276.0
31237,487.0
31238,141.0
31239,482.0
31240,850.0
31241,246.0
31242,195.0
31243,344.0
31244,99.0
31245,340.0
31246,599.0
31247,173.0
31248,168.0
31249,297.0
31250,86.0
31251,294.0
31252,518.0
31253,150.0
31254,277.0
31255,489.0
31256,141.0
31257,483.0
31258,852.0
31259,246.0
31260,195.0
31261,345.0
31262,100.0
31263,341.0
31264,601.0
31265,174.0
31266,178.0
31267,314.0
31268,91.0
31269,311.0
31270,548.0
31271,158.0
31272,293.0
31273,517.0
31274,149.0
31275,511.0
31276,901.0
31277,261.0
31278,207.0
31279,364.0
31280,105.0
31281,360.0
31282,635.0
31283,184.0
31284,212.0
31285,374.0
31286,108.0
31287,369.0
31288,651.0
31289,188.0
31290,348.0
31291,614.0
31292,178.0
31293,607.0
31294,1071.0
31295,310.0
31296,246.0
31297,433.0
31298,125.0
31299,428.0
31300,755.0
31301,219.0
31302,212.0
31303,374.0
31304,108.0
31305,370.0
31306,653.0
31307,189.0
31308,349.0
31309,616.0
31310,178.0
31311,608.0
31312,1073.0
31313,310.0
31314,246.0
31315,434.0
31316,126.0
31317,429.0
31318,757.0
31319,219.0
31320,170.0
31321,300.0
31322,87.0
31323,297.0
31324,523.0
31325,151.0
31326,280.0
31327,493.0
31328,143.0
31329,487.0
31330,860.0
31331,249.0
31332,197.0
31333,348.0
31334,101.0
31335,344.0
31336,607.0
31337,175.0
31338,170.0
31339,301.0
31340,87.0
31341,297.0
31342,524.0
31343,152.0
31344,280.0
31345,494.0
31346,143.0
31347,488.0
31348,862.0
31349,249.0
31350,198.0
31351,349.0
31352,101.0
31353,345.0
31354,608.0
31355,176.0
31356,171.0
31357,301.0
31358,87.0
31359,298.0
31360,525.0
31361,152.0
31362,281.0
31363,495.0
31364,143.0
31365,489.0
31366,863.0
31367,250.0
31368,198.0
31369,349.0
31370,101.0
31371,345.0
31372,609.0
31373,176.0
31374,171.0
31375,302.0
31376,87.0
31377,298.0
31378,526.0
31379,152.0
31380,281.0
31381,496.0
31382,143.0
31383,490.0
31384,865.0
31385,250.0
31386,198.0
31387,350.0
31388,101.0
31389,346.0
31390,610.0
31391,176.0
31392,181.0
31393,319.0
31394,92.0
31395,315.0
31396,556.0
31397,161.0
31398,297.0
31399,524.0
31400,152.0
31401,518.0
31402,914.0
31403,264.0
31404,209.0
31405,370.0
31406,107.0
31407,365.0
31408,644.0
31409,186.0
31410,215.0
31411,379.0
31412,110.0
31413,374.0
31414,660.0
31415,191.0
31416,353.0
31417,622.0
31418,180.0
31419,615.0
31420,1085.0
31421,314.0
31422,249.0
31423,439.0
31424,127.0
31425,434.0
31426,766.0
31427,221.0
31428,215.0
31429,379.0
31430,110.0
31431,375.0
31432,661.0
31433,191.0
31434,353.0
31435,623.0
31436,180.0
31437,616.0
31438,1087.0
31439,314.0
31440,249.0
31441,440.0
31442,127.0
31443,435.0
31444,767.0
31445,222.0
31446,172.0
31447,303.0
31448,88.0
31449,300.0
31450,529.0
31451,153.0
31452,283.0
31453,499.0
31454,144.0
31455,493.0
31456,870.0
31457,252.0
31458,199.0
31459,352.0
31460,102.0
31461,348.0
31462,614.0
31463,177.0
31464,172.0
31465,304.0
31466,88.0
31467,300.0
31468,530.0
31469,153.0
31470,283.0
31471,499.0
31472,144.0
31473,494.0
31474,871.0
31475,252.0
31476,200.0
31477,352.0
31478,102.0
31479,348.0
31480,614.0
31481,178.0
31482,172.0
31483,304.0
31484,88.0
31485,300.0
31486,530.0
31487,153.0
31488,283.0
31489,500.0
31490,145.0
31491,494.0
31492,871.0
31493,252.0
31494,200.0
31495,352.0
31496,102.0
31497,348.0
31498,615.0
31499,178.0
31500,172.0
31501,304.0
31502,88.0
31503,301.0
31504,530.0
31505,153.0
31506,283.0
31507,500.0
31508,145.0
31509,494.0
31510,872.0
31511,252.0
31512,200.0
31513,353.0
31514,102.0
31515,349.0
31516,615.0
31517,178.0
31518,182.0
31519,321.0
31520,93.0
31521,317.0
31522,560.0
31523,162.0
31524,299.0
31525,528.0
31526,153.0
31527,521.0
31528,920.0
31529,266.0
31530,211.0
31531,372.0
31532,108.0
31533,368.0
31534,649.0
31535,188.0
31536,216.0
31537,381.0
31538,110.0
31539,376.0
31540,664.0
31541,192.0
31542,355.0
31543,626.0
31544,181.0
31545,619.0
31546,1091.0
31547,316.0
31548,250.0
31549,442.0
31550,128.0
31551,436.0
31552,770.0
31553,223.0
31554,216.0
31555,381.0
31556,110.0
31557,376.0
31558,664.0
31559,192.0
31560,355.0
31561,626.0
31562,181.0
31563,619.0
31564,1092.0
31565,316.0
31566,250.0
31567,442.0
31568,128.0
31569,436.0
31570,770.0
31571,223.0
31572,173.0
31573,304.0
31574,88.0
31575,301.0
31576,531.0
31577,154.0
31578,284.0
31579,500.0
31580,145.0
31581,495.0
31582,873.0
31583,252.0
31584,200.0
31585,353.0
31586,102.0
31587,349.0
31588,616.0
31589,178.0
31590,173.0
31591,304.0
31592,88.0
31593,301.0
31594,531.0
31595,154.0
31596,284.0
31597,500.0
31598,145.0
31599,495.0
31600,873.0
31601,252.0
31602,200.0
31603,353.0
31604,102.0
31605,349.0
31606,616.0
31607,178.0
31608,172.0
31609,304.0
31610,88.0
31611,301.0
31612,531.0
31613,154.0
31614,284.0
31615,500.0
31616,145.0
31617,494.0
31618,872.0
31619,252.0
31620,200.0
31621,353.0
31622,102.0
31623,349.0
31624,615.0
31625,178.0
31626,172.0
31627,304.0
31628,88.0
31629,301.0
31630,530.0
31631,153.0
31632,283.0
31633,500.0
31634,145.0
31635,494.0
31636,872.0
31637,252.0
31638,200.0
31639,353.0
31640,102.0
31641,349.0
31642,615.0
31643,178.0
31644,182.0
31645,321.0
31646,93.0
31647,317.0
31648,559.0
31649,162.0
31650,299.0
31651,527.0
31652,152.0
31653,521.0
31654,919.0
31655,266.0
31656,211.0
31657,372.0
31658,108.0
31659,368.0
31660,648.0
31661,188.0
31662,215.0
31663,380.0
31664,110.0
31665,376.0
31666,663.0
31667,192.0
31668,354.0
31669,625.0
31670,181.0
31671,618.0
31672,1090.0
31673,315.0
31674,250.0
31675,441.0
31676,128.0
31677,436.0
31678,769.0
31679,222.0
31680,215.0
31681,380.0
31682,110.0
31683,375.0
31684,662.0
31685,192.0
31686,354.0
31687,624.0
31688,181.0
31689,617.0
31690,1089.0
31691,315.0
31692,250.0
31693,441.0
31694,127.0
31695,435.0
31696,768.0
31697,222.0
31698,172.0
31699,303.0
31700,88.0
31701,300.0
31702,529.0
31703,153.0
31704,283.0
31705,499.0
31706,144.0
31707,493.0
31708,870.0
31709,252.0
31710,199.0
31711,352.0
31712,102.0
31713,348.0
31714,614.0
31715,178.0
31716,172.0
31717,303.0
31718,88.0
31719,300.0
31720,529.0
31721,153.0
31722,283.0
31723,498.0
31724,144.0
31725,493.0
31726,869.0
31727,251.0
31728,199.0
31729,352.0
31730,102.0
31731,348.0
31732,613.0
31733,177.0
31734,172.0
31735,303.0
31736,88.0
31737,299.0
31738,528.0
31739,153.0
31740,282.0
31741,498.0
31742,144.0
31743,492.0
31744,869.0
31745,251.0
31746,199.0
31747,351.0
31748,102.0
31749,347.0
31750,613.0
31751,177.0
31752,172.0
31753,303.0
31754,88.0
31755,299.0
31756,528.0
31757,153.0
31758,282.0
31759,498.0
31760,144.0
31761,492.0
31762,868.0
31763,251.0
31764,199.0
31765,351.0
31766,102.0
31767,347.0
31768,612.0
31769,177.0
31770,181.0
31771,319.0
31772,92.0
31773,315.0
31774,556.0
31775,161.0
31776,297.0
31777,524.0
31778,152.0
31779,518.0
31780,915.0
31781,265.0
31782,210.0
31783,370.0
31784,107.0
31785,366.0
31786,645.0
31787,187.0
31788,214.0
31789,378.0
31790,109.0
31791,374.0
31792,659.0
31793,191.0
31794,352.0
31795,622.0
31796,180.0
31797,615.0
31798,1084.0
31799,314.0
31800,249.0
31801,439.0
31802,127.0
31803,434.0
31804,765.0
31805,221.0
31806,214.0
31807,378.0
31808,109.0
31809,374.0
31810,659.0
31811,191.0
31812,352.0
31813,621.0
31814,180.0
31815,614.0
31816,1083.0
31817,313.0
31818,248.0
31819,438.0
31820,127.0
31821,433.0
31822,764.0
31823,221.0
31824,171.0
31825,302.0
31826,87.0
31827,299.0
31828,527.0
31829,152.0
31830,281.0
31831,496.0
31832,144.0
31833,491.0
31834,866.0
31835,250.0
31836,199.0
31837,350.0
31838,101.0
31839,346.0
31840,611.0
31841,177.0
31842,171.0
31843,302.0
31844,87.0
31845,298.0
31846,526.0
31847,152.0
31848,281.0
31849,496.0
31850,144.0
31851,491.0
31852,865.0
31853,250.0
31854,198.0
31855,350.0
31856,101.0
31857,346.0
31858,610.0
31859,177.0
31860,171.0
31861,302.0
31862,87.0
31863,298.0
31864,526.0
31865,152.0
31866,281.0
31867,496.0
31868,144.0
31869,490.0
31870,865.0
31871,250.0
31872,198.0
31873,350.0
31874,101.0
31875,346.0
31876,610.0
31877,177.0
31878,171.0
31879,302.0
31880,87.0
31881,298.0
31882,526.0
31883,152.0
31884,281.0
31885,496.0
31886,144.0
31887,490.0
31888,865.0
31889,250.0
31890,198.0
31891,350.0
31892,101.0
31893,346.0
31894,610.0
31895,177.0
31896,180.0
31897,318.0
31898,92.0
31899,315.0
31900,555.0
31901,161.0
31902,297.0
31903,523.0
31904,151.0
31905,517.0
31906,912.0
31907,264.0
31908,209.0
31909,369.0
31910,107.0
31911,365.0
31912,644.0
31913,186.0
31914,214.0
31915,378.0
31916,109.0
31917,373.0
31918,658.0
31919,190.0
31920,352.0
31921,621.0
31922,180.0
31923,614.0
31924,1082.0
31925,313.0
31926,248.0
31927,438.0
31928,127.0
31929,433.0
31930,764.0
31931,221.0
31932,214.0
31933,378.0
31934,109.0
31935,373.0
31936,659.0
31937,191.0
31938,352.0
31939,621.0
31940,180.0
31941,614.0
31942,1083.0
31943,313.0
31944,248.0
31945,438.0
31946,127.0
31947,433.0
31948,764.0
31949,221.0
31950,171.0
31951,302.0
31952,87.0
31953,299.0
31954,527.0
31955,152.0
31956,282.0
31957,497.0
31958,144.0
31959,491.0
31960,866.0
31961,251.0
31962,199.0
31963,351.0
31964,101.0
31965,346.0
31966,611.0
31967,177.0
31968,172.0
31969,303.0
31970,88.0
31971,299.0
31972,528.0
31973,153.0
31974,282.0
31975,497.0
31976,144.0
31977,492.0
31978,867.0
31979,251.0
31980,199.0
31981,351.0
31982,102.0
31983,347.0
31984,612.0
31985,177.0
31986,172.0
31987,303.0
31988,88.0
31989,299.0
31990,528.0
31991,153.0
31992,282.0
31993,498.0
31994,144.0
31995,492.0
31996,869.0
31997,251.0
31998,199.0
31999,351.0
32000,102.0
32001,347.0
32002,613.0
32003,177.0
32004,172.0
32005,303.0
32006,88.0
32007,300.0
32008,529.0
32009,153.0
32010,283.0
32011,499.0
32012,144.0
32013,493.0
32014,870.0
32015,252.0
32016,199.0
32017,352.0
32018,102.0
32019,348.0
32020,614.0
32021,178.0
32022,182.0
32023,321.0
32024,93.0
32025,317.0
32026,559.0
32027,162.0
32028,299.0
32029,527.0
32030,152.0
32031,521.0
32032,919.0
32033,266.0
32034,211.0
32035,372.0
32036,108.0
32037,368.0
32038,648.0
32039,188.0
32040,216.0
32041,381.0
32042,110.0
32043,377.0
32044,665.0
32045,192.0
32046,355.0
32047,627.0
32048,181.0
32049,619.0
32050,1093.0
32051,316.0
32052,251.0
32053,442.0
32054,128.0
32055,437.0
32056,771.0
32057,223.0
32058,217.0
32059,382.0
32060,111.0
32061,378.0
32062,666.0
32063,193.0
32064,356.0
32065,628.0
32066,182.0
32067,621.0
32068,1096.0
32069,317.0
32070,251.0
32071,443.0
32072,128.0
32073,438.0
32074,773.0
32075,224.0
32076,174.0
32077,306.0
32078,89.0
32079,303.0
32080,534.0
32081,155.0
32082,286.0
32083,504.0
32084,146.0
32085,498.0
32086,878.0
32087,254.0
32088,201.0
32089,355.0
32090,103.0
32091,351.0
32092,620.0
32093,179.0
32094,174.0
32095,307.0
32096,89.0
32097,304.0
32098,536.0
32099,155.0
32100,287.0
32101,505.0
32102,146.0
32103,500.0
32104,881.0
32105,255.0
32106,202.0
32107,357.0
32108,103.0
32109,352.0
32110,622.0
32111,180.0
32112,175.0
32113,309.0
32114,89.0
32115,305.0
32116,538.0
32117,156.0
32118,288.0
32119,507.0
32120,147.0
32121,501.0
32122,885.0
32123,256.0
32124,203.0
32125,358.0
32126,104.0
32127,354.0
32128,624.0
32129,181.0
32130,176.0
32131,310.0
32132,90.0
32133,306.0
32134,540.0
32135,156.0
32136,289.0
32137,509.0
32138,147.0
32139,503.0
32140,888.0
32141,257.0
32142,204.0
32143,359.0
32144,104.0
32145,355.0
32146,627.0
32147,181.0
32148,186.0
32149,328.0
32150,95.0
32151,324.0
32152,572.0
32153,166.0
32154,306.0
32155,540.0
32156,156.0
32157,533.0
32158,941.0
32159,272.0
32160,216.0
32161,381.0
32162,110.0
32163,376.0
32164,664.0
32165,192.0
32166,222.0
32167,391.0
32168,113.0
32169,387.0
32170,682.0
32171,197.0
32172,365.0
32173,643.0
32174,186.0
32175,636.0
32176,1121.0
32177,324.0
32178,257.0
32179,454.0
32180,131.0
32181,448.0
32182,791.0
32183,229.0
32184,223.0
32185,393.0
32186,114.0
32187,389.0
32188,686.0
32189,198.0
32190,366.0
32191,646.0
32192,187.0
32193,639.0
32194,1127.0
32195,326.0
32196,258.0
32197,456.0
32198,132.0
32199,451.0
32200,795.0
32201,230.0
32202,179.0
32203,316.0
32204,91.0
32205,312.0
32206,551.0
32207,159.0
32208,295.0
32209,520.0
32210,150.0
32211,514.0
32212,906.0
32213,262.0
32214,208.0
32215,367.0
32216,106.0
32217,362.0
32218,639.0
32219,185.0
32220,180.0
32221,318.0
32222,92.0
32223,314.0
32224,554.0
32225,160.0
32226,296.0
32227,523.0
32228,151.0
32229,517.0
32230,911.0
32231,264.0
32232,209.0
32233,369.0
32234,107.0
32235,364.0
32236,643.0
32237,186.0
32238,181.0
32239,320.0
32240,93.0
32241,316.0
32242,558.0
32243,161.0
32244,298.0
32245,526.0
32246,152.0
32247,520.0
32248,917.0
32249,265.0
32250,210.0
32251,371.0
32252,107.0
32253,367.0
32254,647.0
32255,187.0
32256,183.0
32257,322.0
32258,93.0
32259,318.0
32260,562.0
32261,162.0
32262,300.0
32263,529.0
32264,153.0
32265,523.0
32266,923.0
32267,267.0
32268,212.0
32269,373.0
32270,108.0
32271,369.0
32272,651.0
32273,188.0
32274,194.0
32275,342.0
32276,99.0
32277,338.0
32278,596.0
32279,172.0
32280,319.0
32281,562.0
32282,163.0
32283,556.0
32284,980.0
32285,284.0
32286,225.0
32287,397.0
32288,115.0
32289,392.0
32290,691.0
32291,200.0
32292,232.0
32293,408.0
32294,118.0
32295,404.0
32296,712.0
32297,206.0
32298,381.0
32299,672.0
32300,194.0
32301,664.0
32302,1171.0
32303,339.0
32304,269.0
32305,474.0
32306,137.0
32307,468.0
32308,826.0
32309,239.0
32310,233.0
32311,412.0
32312,119.0
32313,407.0
32314,718.0
32315,208.0
32316,384.0
32317,677.0
32318,196.0
32319,669.0
32320,1180.0
32321,341.0
32322,271.0
32323,477.0
32324,138.0
32325,472.0
32326,832.0
32327,241.0
32328,188.0
32329,332.0
32330,96.0
32331,328.0
32332,578.0
32333,167.0
32334,309.0
32335,545.0
32336,158.0
32337,539.0
32338,950.0
32339,275.0
32340,218.0
32341,385.0
32342,111.0
32343,380.0
32344,670.0
32345,194.0
32346,189.0
32347,334.0
32348,97.0
32349,330.0
32350,583.0
32351,169.0
32352,311.0
32353,549.0
32354,159.0
32355,543.0
32356,958.0
32357,277.0
32358,220.0
32359,388.0
32360,112.0
32361,383.0
32362,676.0
32363,195.0
32364,191.0
32365,337.0
32366,97.0
32367,333.0
32368,588.0
32369,170.0
32370,314.0
32371,554.0
32372,160.0
32373,548.0
32374,966.0
32375,279.0
32376,221.0
32377,391.0
32378,113.0
32379,386.0
32380,681.0
32381,197.0
32382,193.0
32383,340.0
32384,98.0
32385,336.0
32386,592.0
32387,171.0
32388,317.0
32389,559.0
32390,162.0
32391,552.0
32392,974.0
32393,282.0
32394,223.0
32395,394.0
32396,114.0
32397,389.0
32398,687.0
32399,199.0
32400,205.0
32401,361.0
32402,105.0
32403,357.0
32404,630.0
32405,182.0
32406,337.0
32407,594.0
32408,172.0
32409,587.0
32410,1036.0
32411,300.0
32412,238.0
32413,419.0
32414,121.0
32415,414.0
32416,731.0
32417,211.0
32418,245.0
32419,432.0
32420,125.0
32421,427.0
32422,754.0
32423,218.0
32424,403.0
32425,711.0
32426,206.0
32427,702.0
32428,1239.0
32429,358.0
32430,284.0
32431,501.0
32432,145.0
32433,496.0
32434,874.0
32435,253.0
32436,247.0
32437,436.0
32438,126.0
32439,431.0
32440,760.0
32441,220.0
32442,406.0
32443,717.0
32444,207.0
32445,709.0
32446,1250.0
32447,362.0
32448,287.0
32449,506.0
32450,146.0
32451,500.0
32452,882.0
32453,255.0
32454,199.0
32455,352.0
32456,102.0
32457,348.0
32458,613.0
32459,177.0
32460,328.0
32461,578.0
32462,167.0
32463,571.0
32464,1008.0
32465,292.0
32466,231.0
32467,408.0
32468,118.0
32469,403.0
32470,711.0
32471,206.0
32472,201.0
32473,355.0
32474,103.0
32475,351.0
32476,619.0
32477,179.0
32478,331.0
32479,583.0
32480,169.0
32481,577.0
32482,1017.0
32483,294.0
32484,233.0
32485,411.0
32486,119.0
32487,407.0
32488,717.0
32489,208.0
32490,203.0
32491,358.0
32492,104.0
32493,354.0
32494,624.0
32495,181.0
32496,334.0
32497,588.0
32498,170.0
32499,582.0
32500,1026.0
32501,297.0
32502,235.0
32503,415.0
32504,120.0
32505,410.0
32506,724.0
32507,209.0
32508,205.0
32509,361.0
32510,104.0
32511,357.0
32512,630.0
32513,182.0
32514,336.0
32515,594.0
32516,172.0
32517,587.0
32518,1035.0
32519,299.0
32520,237.0
32521,419.0
32522,121.0
32523,414.0
32524,730.0
32525,211.0
32526,218.0
32527,384.0
32528,111.0
32529,380.0
32530,670.0
32531,194.0
32532,358.0
32533,631.0
32534,183.0
32535,624.0
32536,1101.0
32537,318.0
32538,252.0
32539,445.0
32540,129.0
32541,440.0
32542,777.0
32543,225.0
32544,260.0
32545,459.0
32546,133.0
32547,454.0
32548,801.0
32549,232.0
32550,428.0
32551,755.0
32552,218.0
32553,747.0
32554,1317.0
32555,381.0
32556,302.0
32557,533.0
32558,154.0
32559,527.0
32560,929.0
32561,269.0
32562,263.0
32563,463.0
32564,134.0
32565,458.0
32566,808.0
32567,234.0
32568,432.0
32569,762.0
32570,220.0
32571,753.0
32572,1328.0
32573,384.0
32574,305.0
32575,537.0
32576,155.0
32577,531.0
32578,937.0
32579,271.0
32580,212.0
32581,373.0
32582,108.0
32583,369.0
32584,651.0
32585,188.0
32586,348.0
32587,614.0
32588,178.0
32589,607.0
32590,1071.0
32591,310.0
32592,245.0
32593,433.0
32594,125.0
32595,428.0
32596,755.0
32597,218.0
32598,213.0
32599,376.0
32600,109.0
32601,372.0
32602,656.0
32603,190.0
32604,351.0
32605,619.0
32606,179.0
32607,612.0
32608,1079.0
32609,312.0
32610,247.0
32611,437.0
32612,126.0
32613,431.0
32614,761.0
32615,220.0
32616,215.0
32617,379.0
32618,110.0
32619,375.0
32620,661.0
32621,191.0
32622,354.0
32623,624.0
32624,180.0
32625,616.0
32626,1087.0
32627,315.0
32628,249.0
32629,440.0
32630,127.0
32631,435.0
32632,767.0
32633,222.0
32634,217.0
32635,382.0
32636,111.0
32637,378.0
32638,666.0
32639,193.0
32640,356.0
32641,628.0
32642,182.0
32643,621.0
32644,1096.0
32645,317.0
32646,251.0
32647,443.0
32648,128.0
32649,438.0
32650,773.0
32651,224.0
32652,230.0
32653,406.0
32654,117.0
32655,401.0
32656,708.0
32657,205.0
32658,378.0
32659,667.0
32660,193.0
32661,660.0
32662,1163.0
32663,337.0
32664,267.0
32665,471.0
32666,136.0
32667,465.0
32668,821.0
32669,237.0
32670,275.0
32671,485.0
32672,140.0
32673,479.0
32674,845.0
32675,244.0
32676,452.0
32677,797.0
32678,231.0
32679,788.0
32680,1389.0
32681,402.0
32682,319.0
32683,562.0
32684,163.0
32685,556.0
32686,980.0
32687,284.0
32688,277.0
32689,488.0
32690,141.0
32691,482.0
32692,851.0
32693,246.0
32694,455.0
32695,802.0
32696,232.0
32697,793.0
32698,1398.0
32699,404.0
32700,321.0
32701,566.0
32702,164.0
32703,559.0
32704,986.0
32705,285.0
32706,222.0
32707,392.0
32708,113.0
32709,388.0
32710,684.0
32711,198.0
32712,366.0
32713,645.0
32714,187.0
32715,637.0
32716,1125.0
32717,325.0
32718,258.0
32719,455.0
32720,132.0
32721,450.0
32722,793.0
32723,229.0
32724,224.0
32725,394.0
32726,114.0
32727,390.0
32728,688.0
32729,199.0
32730,368.0
32731,648.0
32732,188.0
32733,641.0
32734,1131.0
32735,327.0
32736,259.0
32737,457.0
32738,132.0
32739,452.0
32740,798.0
32741,231.0
32742,225.0
32743,396.0
32744,115.0
32745,392.0
32746,691.0
32747,200.0
32748,369.0
32749,652.0
32750,189.0
32751,644.0
32752,1136.0
32753,329.0
32754,261.0
32755,460.0
32756,133.0
32757,454.0
32758,802.0
32759,232.0
32760,226.0
32761,398.0
32762,115.0
32763,394.0
32764,694.0
32765,201.0
32766,371.0
32767,655.0
32768,189.0
32769,647.0
32770,1142.0
32771,330.0
32772,262.0
32773,462.0
32774,134.0
32775,456.0
32776,805.0
32777,233.0
32778,239.0
32779,422.0
32780,122.0
32781,417.0
32782,735.0
32783,213.0
32784,393.0
32785,693.0
32786,201.0
32787,685.0
32788,1209.0
32789,350.0
32790,277.0
32791,489.0
32792,141.0
32793,483.0
32794,853.0
32795,247.0
32796,285.0
32797,502.0
32798,145.0
32799,496.0
32800,875.0
32801,253.0
32802,468.0
32803,825.0
32804,239.0
32805,816.0
32806,1439.0
32807,416.0
32808,330.0
32809,582.0
32810,168.0
32811,575.0
32812,1015.0
32813,294.0
32814,285.0
32815,503.0
32816,146.0
32817,498.0
32818,878.0
32819,254.0
32820,469.0
32821,828.0
32822,239.0
32823,818.0
32824,1443.0
32825,417.0
32826,331.0
32827,584.0
32828,169.0
32829,577.0
32830,1018.0
32831,294.0
32832,229.0
32833,403.0
32834,117.0
32835,399.0
32836,703.0
32837,204.0
32838,376.0
32839,663.0
32840,192.0
32841,656.0
32842,1157.0
32843,335.0
32844,265.0
32845,468.0
32846,135.0
32847,462.0
32848,816.0
32849,236.0
32850,229.0
32851,404.0
32852,117.0
32853,400.0
32854,705.0
32855,204.0
32856,377.0
32857,664.0
32858,192.0
32859,657.0
32860,1159.0
32861,335.0
32862,266.0
32863,469.0
32864,136.0
32865,463.0
32866,817.0
32867,236.0
